Div,Date,Time,HomeTeam,AwayTeam,FTHG,FTAG,FTR,HTHG,HTAG,HTR,HS,AS,HST,AST,HF,AF,HC,AC,HY,AY,HR,AR,B365H,B365D,B365A,BWH,BWD,BWA,IWH,IWD,IWA,PSH,PSD,PSA,WHH,WHD,WHA,VCH,VCD,VCA,MaxH,MaxD,MaxA,AvgH,AvgD,AvgA,B365>2.5,B365<2.5,P>2.5,P<2.5,Max>2.5,Max<2.5,Avg>2.5,Avg<2.5,AHh,B365AHH,B365AHA,PAHH,PAHA,MaxAHH,MaxAHA,AvgAHH,AvgAHA,B365CH,B365CD,B365CA,BWCH,BWCD,BWCA,IWCH,IWCD,IWCA,PSCH,PSCD,PSCA,WHCH,WHCD,WHCA,VCCH,VCCD,VCCA,MaxCH,MaxCD,MaxCA,AvgCH,AvgCD,AvgCA,B365C>2.5,B365C<2.5,PC>2.5,PC<2.5,MaxC>2.5,MaxC<2.5,AvgC>2.5,AvgC<2.5,AHCh,B365CAHH,B365CAHA,PCAHH,PCAHA,MaxCAHH,MaxCAHA,AvgCAHH,AvgCAHA
I1,21/08/2021,17:30,Inter,Genoa,4,0,H,2,0,H,17,11,8,5,18,7,8,2,1,2,0,0,1.33,5.25,9,1.33,5.5,8.5,1.37,5.25,8,1.36,5.37,9.65,1.35,5,9,1.3,5,10,1.4,5.5,10,1.35,5.16,8.94,1.66,2.2,1.67,2.33,1.71,2.38,1.63,2.28,-1.25,1.75,2.05,1.81,2.11,1.87,2.13,1.8,2.07,1.28,5.75,11,1.3,5.25,10.5,1.3,5.25,11,1.31,5.78,11.37,1.29,5.5,11,1.25,5.75,11.5,1.35,6.25,12.75,1.29,5.58,10.84,1.61,2.3,1.61,2.45,1.7,2.55,1.62,2.32,-1.5,1.88,2.05,1.89,2.03,1.96,2.09,1.86,2.01
I1,21/08/2021,17:30,Verona,Sassuolo,2,3,A,0,1,A,12,15,4,8,11,12,7,4,3,2,1,0,2.62,3.3,2.62,2.55,3.5,2.7,2.6,3.45,2.7,2.66,3.55,2.75,2.6,3.4,2.7,2.63,3.25,2.7,2.74,3.55,2.79,2.61,3.43,2.69,1.9,2.03,1.87,2.04,1.9,2.06,1.85,1.98,0,1.93,2,1.93,1.99,1.95,2.01,1.91,1.97,2.5,3.4,2.75,2.55,3.5,2.7,2.55,3.35,2.75,2.64,3.43,2.84,2.5,3.4,2.8,2.55,3.25,2.8,2.75,3.5,2.9,2.57,3.4,2.76,1.8,2,1.81,2.1,1.87,2.17,1.8,2.03,0,1.88,2.05,1.89,2.04,2,2.07,1.86,2.02
I1,21/08/2021,19:45,Empoli,Lazio,1,3,A,1,3,A,16,8,5,5,13,10,5,3,2,1,0,0,4.6,4,1.7,4.6,3.9,1.75,4.6,3.95,1.7,5.01,4.02,1.74,4.75,3.7,1.75,5,3.7,1.7,5.01,4.03,1.79,4.71,3.9,1.73,1.72,2.1,1.75,2.19,1.78,2.21,1.72,2.15,0.75,1.98,1.95,1.97,1.94,2,2,1.93,1.93,3.75,3.8,1.9,4,3.75,1.87,3.65,3.75,1.95,4.11,3.84,1.93,4,3.7,1.88,4,3.6,1.9,4.5,3.94,2,4.06,3.77,1.88,1.66,2.2,1.69,2.29,1.74,2.39,1.68,2.21,0.5,2,1.93,2,1.93,2.06,1.95,1.99,1.88
I1,21/08/2021,19:45,Torino,Atalanta,1,2,A,0,1,A,19,6,8,2,17,13,5,1,2,2,0,0,5.5,4.33,1.55,5,4.25,1.62,5.25,4.3,1.6,5.5,4.25,1.65,5.5,4.2,1.6,5.75,4.2,1.55,5.75,4.48,1.65,5.43,4.23,1.6,1.57,2.37,1.61,2.46,1.61,2.52,1.57,2.43,1,1.89,2.04,1.88,2.06,1.92,2.07,1.87,2,6,4.5,1.5,6.25,4.5,1.5,6,4.5,1.53,6.51,4.5,1.54,6.5,4.2,1.53,6.5,4.33,1.5,6.9,4.75,1.59,6.16,4.48,1.52,1.53,2.5,1.55,2.6,1.63,2.72,1.56,2.45,1,2.06,1.87,2.08,1.85,2.19,1.9,2.03,1.84
I1,22/08/2021,17:30,Bologna,Salernitana,3,2,H,0,0,D,18,8,7,4,13,15,9,4,6,3,2,1,1.65,4,5,1.67,4,5,1.63,4.1,5.25,1.65,4.29,5.42,1.63,4,5.25,1.62,3.75,5.75,1.7,4.29,5.75,1.65,4.04,5.15,1.8,2,1.8,2.11,1.87,2.11,1.81,2.02,-0.75,1.85,2.08,1.84,2.1,1.88,2.1,1.83,2.05,1.5,4.5,6,1.53,4.4,6,1.55,4.3,5.75,1.55,4.52,6.38,1.52,4.33,6.5,1.5,4.2,7,1.59,4.61,7,1.54,4.37,6.05,1.72,2.1,1.72,2.24,1.76,2.37,1.7,2.16,-1,1.94,1.99,1.92,2.01,2.02,2.01,1.91,1.95
I1,22/08/2021,17:30,Udinese,Juventus,2,2,D,0,2,A,11,11,6,4,11,12,3,3,1,3,0,0,7.5,4.33,1.45,7.5,4.5,1.44,7.5,4.4,1.45,7.59,4.48,1.49,7.5,4.2,1.47,8,4.33,1.4,8,4.5,1.53,7.21,4.35,1.47,1.72,2.1,1.79,2.13,1.82,2.15,1.77,2.08,1,2.05,1.75,2.15,1.79,2.15,1.86,2.08,1.79,7,4,1.5,5.75,4.2,1.57,6.75,4.1,1.53,7.45,4.03,1.56,7,4.2,1.5,7.5,3.9,1.5,8.08,4.25,1.59,6.89,4.03,1.53,2.09,1.84,2.08,1.83,2.13,1.95,1.98,1.85,1,1.91,1.99,1.93,1.99,2.01,2,1.93,1.93
I1,22/08/2021,19:45,Napoli,Venezia,2,0,H,0,0,D,13,8,4,4,5,22,2,2,1,7,1,0,1.22,6.5,12,1.25,6.25,11,1.25,6.5,11,1.25,6.67,12.08,1.24,6,13,1.2,6.5,13,1.28,6.8,13,1.24,6.38,11.79,1.44,2.75,1.44,2.91,1.48,2.95,1.44,2.78,-1.75,1.89,2.04,1.87,2.05,1.9,2.05,1.86,2.02,1.2,6.5,13,1.22,6.75,12,1.22,6.75,12,1.22,7.1,13.81,1.2,6.5,15,1.18,6.5,17,1.25,7.25,17,1.22,6.74,12.94,1.4,3,1.43,2.98,1.46,3,1.42,2.87,-2,2.04,1.89,2.03,1.88,2.15,1.99,2.03,1.84
I1,22/08/2021,19:45,Roma,Fiorentina,3,1,H,1,0,H,11,11,6,8,12,14,4,4,3,2,1,1,1.72,3.8,4.75,1.72,4,4.6,1.75,3.95,4.3,1.81,3.96,4.59,1.75,3.8,4.6,1.73,3.7,4.75,1.82,4.03,4.75,1.77,3.85,4.5,1.66,2.2,1.72,2.23,1.76,2.25,1.68,2.2,-0.75,2.02,1.91,2.02,1.9,2.02,1.93,1.99,1.88,1.6,4.2,5.25,1.6,4.33,5.25,1.63,4.2,4.9,1.67,4.2,5.31,1.61,4,5.5,1.6,4,5.5,1.71,4.4,5.6,1.65,4.16,5.11,1.61,2.3,1.61,2.44,1.68,2.55,1.61,2.33,-0.75,1.85,2.08,1.85,2.08,1.86,2.16,1.82,2.06
I1,23/08/2021,17:30,Cagliari,Spezia,2,2,D,0,1,A,16,13,10,6,17,17,11,4,2,3,0,0,1.95,3.4,4,2,3.7,3.6,1.95,3.65,3.8,1.97,3.78,3.97,1.95,3.5,3.9,1.93,3.4,4.1,2.07,3.78,4.1,1.98,3.61,3.78,1.9,1.9,1.88,2.03,1.91,2.05,1.85,1.97,-0.5,1.99,1.94,1.97,1.95,2.05,1.95,1.98,1.89,1.8,3.6,4.5,1.83,3.6,4.5,1.83,3.55,4.5,1.85,3.66,4.73,1.78,3.6,4.8,1.8,3.4,4.8,1.88,3.79,4.96,1.82,3.61,4.59,2,1.8,2.07,1.85,2.07,1.91,1.99,1.83,-0.5,1.83,2.1,1.85,2.08,1.87,2.13,1.83,2.06
I1,23/08/2021,19:45,Sampdoria,Milan,0,1,A,0,1,A,11,10,3,4,16,14,8,3,3,1,0,0,4,3.6,1.9,4.33,3.5,1.87,3.85,3.6,1.95,4.23,3.55,1.98,4.2,3.5,1.91,4,3.4,1.93,4.33,3.6,2.05,4.02,3.5,1.96,1.8,2,1.81,2.09,1.88,2.14,1.79,2.05,0.5,1.95,1.98,1.94,1.98,1.97,2.05,1.9,1.97,3.6,3.5,2,3.6,3.4,2.1,3.45,3.5,2.1,3.68,3.48,2.16,3.6,3.5,2.05,3.7,3.4,2.05,4.03,3.6,2.25,3.63,3.43,2.1,1.8,2,1.79,2.12,1.88,2.26,1.78,2.06,0.5,1.75,2.05,1.79,2.15,1.85,2.16,1.79,2.09
I1,27/08/2021,17:30,Udinese,Venezia,3,0,H,1,0,H,18,8,10,3,11,8,7,2,2,3,0,0,1.7,3.75,5,1.75,3.6,5,1.75,3.65,4.9,1.75,3.82,5.24,1.72,3.7,5,1.75,3.4,5.25,1.85,3.82,5.31,1.77,3.67,4.95,2.1,1.72,2.13,1.79,2.16,1.81,2.1,1.76,-0.75,2,1.93,2,1.92,2.07,1.96,1.99,1.88,1.75,3.6,4.75,1.75,3.6,5,1.8,3.5,4.7,1.81,3.58,5.19,1.75,3.6,5,1.75,3.4,5.25,1.87,3.75,5.58,1.78,3.56,5,2.2,1.66,2.2,1.74,2.23,1.83,2.12,1.74,-0.75,2.09,1.84,2.1,1.84,2.12,1.93,2.02,1.85
I1,27/08/2021,19:45,Verona,Inter,1,3,A,1,0,H,4,15,1,8,13,12,6,4,2,2,0,0,5.5,4.33,1.55,5.5,4.33,1.57,5.25,4.1,1.63,5.81,4.14,1.64,5.8,4.2,1.57,6,4.1,1.55,6,4.35,1.69,5.58,4.17,1.61,1.66,2.2,1.73,2.22,1.79,2.3,1.7,2.18,1,1.87,2.06,1.88,2.06,1.9,2.1,1.84,2.03,5,4.33,1.6,5.5,4.33,1.57,5.25,4.2,1.63,5.81,4.25,1.62,5.8,4.2,1.57,6,4.1,1.55,6.05,4.44,1.67,5.57,4.19,1.6,1.72,2.1,1.79,2.13,1.8,2.3,1.72,2.15,1,1.85,2.08,1.86,2.07,1.94,2.12,1.85,2.02
I1,28/08/2021,17:30,Atalanta,Bologna,0,0,D,0,0,D,21,3,3,1,11,14,5,5,2,5,0,0,1.33,5.5,8,1.33,5.75,8.25,1.33,5.75,7.75,1.34,5.86,9.29,1.33,5.25,9,1.3,5.5,9,1.37,6,9.75,1.33,5.59,8.73,1.36,3.2,1.41,3.1,1.42,3.2,1.39,2.99,-1.5,1.92,2.01,1.89,2.03,1.96,2.03,1.9,1.97,1.28,5.75,9.5,1.3,6,8.5,1.3,6,8.25,1.31,6,9.68,1.28,5.5,11,1.25,6,11,1.35,6.5,11,1.3,5.92,9.23,1.36,3.2,1.36,3.31,1.41,3.48,1.36,3.15,-1.75,2.04,1.89,2.03,1.88,2.06,2.01,2,1.87
I1,28/08/2021,17:30,Lazio,Spezia,6,1,H,3,1,H,18,5,10,2,12,9,4,2,0,2,0,1,1.33,4.75,9.5,1.36,5,8.75,1.35,5.5,8,1.36,5.48,9.14,1.33,5.25,9.5,1.3,5.25,10,1.41,5.65,10,1.36,5.23,8.74,1.53,2.5,1.54,2.64,1.63,2.64,1.54,2.51,-1.5,2.01,1.92,1.98,1.93,2.11,1.93,1.99,1.88,1.28,5.75,9.5,1.33,5.25,9.25,1.3,5.75,8.75,1.32,5.76,10.44,1.3,5.5,10,1.25,5.75,11,1.36,6,11,1.31,5.63,9.61,1.44,2.75,1.49,2.75,1.56,2.99,1.49,2.63,-1.5,1.86,2.07,1.88,2.05,1.95,2.09,1.86,2.01
I1,28/08/2021,19:45,Fiorentina,Torino,2,1,H,1,0,H,10,4,7,1,13,28,3,3,4,5,0,0,2.2,3.4,3.25,2.2,3.4,3.3,2.2,3.45,3.3,2.2,3.56,3.5,2.2,3.4,3.3,2.2,3.3,3.3,2.3,3.59,3.51,2.21,3.45,3.31,1.8,2,1.85,2.06,1.87,2.08,1.81,2.03,-0.25,1.93,2,1.89,2.03,1.97,2.03,1.91,1.96,1.85,3.8,3.8,1.91,3.6,4,1.9,3.75,3.85,1.9,3.83,4.23,1.88,3.7,4,1.87,3.6,4.1,1.99,3.93,4.23,1.91,3.72,3.94,1.66,2.2,1.71,2.25,1.75,2.39,1.69,2.19,-0.5,1.9,2.03,1.9,2.03,1.95,2.06,1.92,1.96
I1,28/08/2021,19:45,Juventus,Empoli,0,1,A,0,1,A,20,9,6,3,11,6,8,9,2,3,0,0,1.22,6.5,12,1.25,6.25,11,1.3,6,9.5,1.27,6.35,11.86,1.25,6,12,1.22,6,13,1.31,6.64,13,1.26,6.25,11.51,1.44,2.75,1.49,2.72,1.52,2.8,1.47,2.68,-1.75,2.03,1.9,2.04,1.87,2.04,2.05,1.97,1.89,1.22,6.5,11,1.25,6.25,11.5,1.27,6.25,10,1.22,7.15,13.92,1.22,6.5,13,1.25,6,12,1.31,7.4,13.93,1.24,6.57,11.85,1.4,3,1.42,3,1.5,3,1.44,2.81,-1.75,1.82,2.11,1.83,2.09,2.07,2.13,1.89,1.99
I1,29/08/2021,17:30,Genoa,Napoli,1,2,A,0,1,A,7,12,3,8,17,15,4,5,2,3,0,0,6,4.5,1.5,6,4.33,1.53,5.75,4.4,1.55,6.27,4.36,1.57,6,4.33,1.52,6.5,4.2,1.5,6.5,4.65,1.61,6.06,4.31,1.55,1.66,2.2,1.55,2.46,1.7,2.37,1.65,2.26,1,1.99,1.94,1.97,1.95,2.01,1.99,1.96,1.91,5.5,4.2,1.57,5.75,4,1.6,5.5,3.95,1.63,5.88,3.92,1.67,5.8,4,1.6,6.5,3.8,1.57,6.5,4.3,1.68,5.76,3.95,1.62,1.9,1.9,1.94,1.96,1.96,2.06,1.89,1.94,1,1.73,2.08,1.78,2.16,1.91,2.21,1.79,2.09
I1,29/08/2021,17:30,Sassuolo,Sampdoria,0,0,D,0,0,D,19,13,6,3,9,14,8,6,2,2,0,0,2,3.6,3.6,2,3.6,3.7,2,3.75,3.45,2.02,3.83,3.74,2.05,3.6,3.5,2,3.5,3.6,2.07,4.12,3.76,2.02,3.68,3.61,1.61,2.3,1.65,2.38,1.68,2.45,1.61,2.34,-0.5,2.03,1.87,2.02,1.9,2.08,1.9,2.03,1.85,2.05,3.6,3.4,2.1,3.6,3.4,2.1,3.6,3.35,2.1,3.77,3.55,2.1,3.5,3.5,2.05,3.5,3.5,2.2,3.95,3.55,2.11,3.58,3.41,1.61,2.3,1.63,2.42,1.71,2.47,1.63,2.28,-0.25,1.83,2.07,1.82,2.1,1.88,2.11,1.83,2.04
I1,29/08/2021,19:45,Milan,Cagliari,4,1,H,4,1,H,17,6,5,2,12,11,8,3,1,5,0,0,1.44,4.5,7,1.42,4.75,7.5,1.45,4.8,6.5,1.43,4.99,7.94,1.44,4.5,7.5,1.4,4.6,8,1.46,5,8,1.44,4.74,7.29,1.57,2.37,1.54,2.49,1.65,2.45,1.59,2.36,-1.25,2.02,1.91,2.01,1.92,2.04,1.93,1.99,1.88,1.44,4.2,6.5,1.5,4.4,6.25,1.47,4.6,6.5,1.49,4.7,7.01,1.44,4.4,7.5,1.44,4.4,7.5,1.53,4.8,7.5,1.48,4.53,6.8,1.61,2.3,1.64,2.39,1.74,2.47,1.62,2.3,-1.25,2.05,1.75,2.12,1.83,2.17,1.93,2.07,1.81
I1,29/08/2021,19:45,Salernitana,Roma,0,4,A,0,0,D,4,21,0,10,12,11,1,10,2,2,0,0,5.5,4.33,1.55,5.5,4.25,1.57,5.25,4.3,1.6,5.85,4.28,1.61,5.8,4.2,1.57,6,4.1,1.55,6,4.59,1.65,5.55,4.24,1.6,1.57,2.37,1.65,2.37,1.65,2.55,1.59,2.39,1,1.92,2.01,1.93,2,1.93,2.06,1.88,1.99,7,4.5,1.44,7,4.5,1.45,6.75,4.4,1.5,7.22,4.48,1.51,7.5,4.2,1.47,7.5,4.33,1.44,8.19,4.6,1.55,7.18,4.37,1.48,1.8,2,1.81,2.1,1.94,2.19,1.82,2.02,1.25,1.73,2.08,1.83,2.12,1.89,2.17,1.8,2.08
I1,11/09/2021,14:00,Empoli,Venezia,1,2,A,0,1,A,17,10,6,3,12,21,8,2,2,5,0,0,1.8,3.8,4.2,1.83,3.7,4.33,1.8,3.85,4.2,1.84,4.05,4.27,1.83,3.8,4.2,1.8,3.6,4.4,1.89,4.1,4.4,1.83,3.83,4.23,1.8,2,1.81,2.11,1.84,2.12,1.79,2.06,-0.5,1.83,2.1,1.84,2.1,1.85,2.12,1.82,2.06,1.65,4,5,1.67,4,5,1.7,4.1,4.6,1.69,4.26,5,1.7,3.9,4.8,1.7,3.8,5,1.81,4.3,5.1,1.7,4.06,4.76,1.66,2.2,1.65,2.37,1.85,2.38,1.67,2.23,-0.75,1.89,2.04,1.89,2.03,2.04,2.06,1.89,1.98
I1,11/09/2021,17:00,Napoli,Juventus,2,1,H,0,1,A,24,7,7,4,14,16,13,1,2,1,0,0,2.4,3.6,2.8,2.4,3.5,2.85,2.45,3.45,2.85,2.51,3.57,2.91,2.4,3.4,2.9,2.4,3.25,3,2.52,3.65,3.02,2.43,3.47,2.89,1.91,1.99,1.91,2,1.96,2.03,1.88,1.94,-0.25,2.13,1.81,2.16,1.78,2.16,1.84,2.1,1.79,2.05,3.5,3.5,2.15,3.4,3.4,2.15,3.4,3.45,2.16,3.59,3.55,2.1,3.5,3.5,2.15,3.3,3.5,2.65,3.62,3.6,2.19,3.46,3.38,1.9,1.9,1.93,1.97,1.99,2.05,1.9,1.92,-0.25,1.87,2.06,1.86,2.06,2.24,2.09,1.88,2
I1,11/09/2021,19:45,Atalanta,Fiorentina,1,2,A,0,1,A,10,7,5,2,14,19,10,3,5,4,0,0,1.55,4.33,5.5,1.6,4.1,5.5,1.6,4.3,5.25,1.6,4.25,6.05,1.57,4.2,5.8,1.55,4.2,5.75,1.63,4.51,6.4,1.58,4.21,5.69,1.53,2.5,1.54,2.63,1.56,2.63,1.52,2.54,-1,2,1.93,1.99,1.93,2.03,1.94,1.97,1.89,1.6,4.2,5.25,1.6,4.1,5.5,1.63,4.2,5.25,1.64,4.13,5.78,1.62,4,5.5,1.57,4.1,5.75,1.67,4.61,6.4,1.61,4.14,5.59,1.66,2.2,1.7,2.27,1.71,2.66,1.63,2.3,-1,2.09,1.84,2.1,1.84,2.12,2.05,2.02,1.85
I1,12/09/2021,11:30,Sampdoria,Inter,2,2,D,1,2,A,12,8,3,3,12,13,4,4,4,4,0,0,5,4,1.61,4.75,4.1,1.67,4.9,4.1,1.65,5.21,4.17,1.68,5.25,4,1.63,5.5,3.9,1.62,5.5,4.32,1.74,5.04,4.07,1.66,1.66,2.2,1.71,2.24,1.73,2.35,1.67,2.23,0.75,2.08,1.85,2.07,1.86,2.11,1.89,2.03,1.84,5.5,4,1.6,5.25,4.25,1.6,5,4.2,1.65,5.55,4.14,1.66,5.8,3.9,1.6,5.5,3.9,1.62,6.13,4.33,1.73,5.2,4.1,1.64,1.66,2.2,1.66,2.34,1.69,2.39,1.64,2.28,1,1.75,2.05,1.81,2.12,1.93,2.17,1.79,2.08
I1,12/09/2021,14:00,Cagliari,Genoa,2,3,A,1,0,H,8,9,3,3,15,15,2,6,2,3,0,0,2,3.5,3.75,2.1,3.25,3.7,2.1,3.4,3.55,2.14,3.47,3.73,2.15,3.3,3.5,2.25,3.25,3.25,2.25,3.72,3.96,2.11,3.43,3.59,1.9,1.9,1.9,2.01,1.93,2.08,1.86,1.98,-0.25,1.83,2.1,1.84,2.1,1.95,2.14,1.83,2.06,2,3.5,3.75,2.05,3.4,3.7,2.1,3.35,3.6,2.11,3.52,3.76,2.1,3.4,3.6,2,3.4,3.75,2.15,3.67,3.9,2.07,3.44,3.7,1.8,2,1.86,2.05,1.89,2.17,1.83,2,-0.5,2.1,1.83,2.11,1.83,2.15,1.87,2.07,1.83
I1,12/09/2021,14:00,Spezia,Udinese,0,1,A,0,0,D,20,8,5,4,12,14,4,5,1,2,0,0,3.2,3.4,2.3,3.2,3.5,2.2,3.1,3.45,2.3,3.23,3.59,2.3,3,3.4,2.35,3.2,3.2,2.3,3.29,3.62,2.49,3.12,3.45,2.31,1.9,1.9,1.93,1.97,1.98,1.97,1.91,1.91,0.25,1.93,2,1.93,1.99,1.94,2.04,1.88,1.99,3.5,3.4,2.1,3.1,3.5,2.25,3.35,3.45,2.15,3.53,3.56,2.18,3.4,3.4,2.15,3.4,3.4,2.15,3.9,3.65,2.25,3.39,3.47,2.16,1.72,2.1,1.76,2.18,1.88,2.21,1.77,2.07,0.25,2.05,1.88,2.05,1.88,2.06,1.92,2,1.87
I1,12/09/2021,14:00,Torino,Salernitana,4,0,H,1,0,H,15,7,7,2,10,11,7,4,0,2,0,0,1.57,4.2,5.75,1.6,4.1,5.5,1.6,4.1,5.75,1.61,4.18,6.05,1.57,4,6,1.55,3.9,6.5,1.65,4.28,6.5,1.6,4.08,5.79,1.8,2,1.87,2.05,1.89,2.09,1.83,2.01,-1,2.08,1.85,2.09,1.85,2.1,1.85,2.04,1.83,1.65,4,4.75,1.65,3.9,5.25,1.73,3.7,4.9,1.7,3.87,5.56,1.67,3.8,5.25,1.67,3.6,5.75,1.75,4.14,5.8,1.7,3.77,5.23,1.9,1.9,2.01,1.89,2.04,1.93,1.96,1.87,-0.75,1.92,2.01,1.93,2,1.98,2.13,1.91,1.96
I1,12/09/2021,17:00,Milan,Lazio,2,0,H,1,0,H,17,7,3,5,9,18,5,1,1,4,0,0,2.2,3.6,3.1,2.2,3.5,3.1,2.2,3.55,3.2,2.22,3.64,3.36,2.2,3.5,3.2,2.2,3.4,3.2,2.31,3.65,3.43,2.21,3.55,3.22,1.66,2.2,1.69,2.29,1.74,2.35,1.66,2.26,-0.25,1.95,1.98,1.93,2,1.97,2,1.93,1.94,2.25,3.5,3.1,2.25,3.4,3.2,2.35,3.35,3.1,2.38,3.4,3.26,2.2,3.5,3.2,2.3,3.3,3.13,2.4,3.57,3.41,2.31,3.39,3.17,1.8,2,1.83,2.07,1.85,2.2,1.78,2.07,-0.25,2.03,1.9,2.03,1.89,2.05,1.98,1.99,1.88
I1,12/09/2021,19:45,Roma,Sassuolo,2,1,H,1,0,H,19,13,9,7,7,11,4,6,2,1,0,0,1.57,4.75,5,1.57,4.75,5,1.6,4.7,4.9,1.61,5,4.94,1.57,4.5,5.25,1.53,4.33,5.75,1.63,5,5.75,1.59,4.71,5.01,1.44,2.75,1.48,2.8,1.5,2.8,1.46,2.71,-1,1.99,1.94,1.98,1.94,2.01,1.95,1.95,1.92,1.6,4.5,5,1.6,4.4,5,1.63,4.4,4.8,1.64,4.52,5.14,1.6,4.4,5,1.6,4.2,5.25,1.67,4.64,5.75,1.61,4.44,5.07,1.44,2.75,1.45,2.89,1.49,2.92,1.45,2.76,-1,2.07,1.86,2.07,1.86,2.13,1.93,2.01,1.86
I1,13/09/2021,19:45,Bologna,Verona,1,0,H,0,0,D,13,5,4,1,14,21,6,2,1,3,0,0,2.1,3.7,3.2,2.1,3.7,3.3,2.15,3.65,3.2,2.19,3.83,3.29,2.15,3.6,3.3,2.1,3.5,3.4,2.23,3.85,3.4,2.14,3.68,3.26,1.66,2.2,1.7,2.26,1.74,2.27,1.68,2.21,-0.25,1.87,2.06,1.91,2.02,1.94,2.09,1.88,2.01,2.15,3.5,3.25,2.15,3.5,3.3,2.2,3.5,3.2,2.26,3.58,3.32,2.2,3.6,3.2,2.2,3.4,3.25,2.31,3.75,3.59,2.2,3.54,3.26,1.72,2.1,1.74,2.2,1.79,2.26,1.72,2.14,-0.25,1.97,1.96,1.95,1.97,1.98,2.07,1.91,1.96
I1,17/09/2021,19:45,Sassuolo,Torino,0,1,A,0,0,D,9,18,1,6,7,20,6,3,0,4,0,0,1.72,4,4.33,1.8,3.8,4.33,1.77,4,4.1,1.81,4.02,4.48,1.8,3.75,4.33,1.75,3.9,4.4,1.85,4.06,4.53,1.8,3.95,4.29,1.53,2.5,1.58,2.53,1.59,2.6,1.54,2.48,-0.75,2.04,1.89,2.04,1.89,2.05,1.9,2.01,1.87,1.72,4,4.5,1.8,3.9,4.2,1.77,4,4.2,1.78,4.04,4.69,1.75,3.9,4.5,1.75,3.8,4.5,1.87,4.15,4.69,1.78,3.95,4.35,1.53,2.5,1.56,2.57,1.61,2.58,1.57,2.42,-0.75,2,1.93,1.98,1.94,2.06,1.95,1.99,1.88
I1,18/09/2021,14:00,Genoa,Fiorentina,1,2,A,0,0,D,9,16,3,5,13,16,1,11,4,4,0,0,3.3,3.3,2.25,3.4,3.3,2.2,3.35,3.35,2.2,3.56,3.42,2.23,3.4,3.2,2.25,3.4,3.25,2.2,3.56,3.45,2.29,3.4,3.34,2.23,1.9,1.9,1.94,1.96,2,1.99,1.91,1.92,0.25,1.99,1.94,2.01,1.91,2.01,1.96,1.96,1.91,3.4,3.4,2.15,3.4,3.3,2.2,3.35,3.35,2.2,3.48,3.46,2.24,3.4,3.2,2.25,3.4,3.25,2.2,3.77,3.47,2.31,3.39,3.34,2.22,1.9,1.9,1.9,2.01,2.05,2.07,1.88,1.94,0.25,2,1.93,2,1.93,2.03,1.96,1.97,1.91
I1,18/09/2021,17:00,Inter,Bologna,6,1,H,3,0,H,19,7,11,2,10,9,5,1,0,3,0,0,1.36,5,8.5,1.36,5.25,7.75,1.37,5.25,7.5,1.4,5.3,8.33,1.38,4.75,8.5,1.36,5.25,7.5,1.58,5.4,9,1.39,5.05,8.04,1.53,2.5,1.57,2.54,1.58,2.55,1.55,2.46,-1.5,2.07,1.86,2.05,1.88,2.14,1.89,2.05,1.83,1.33,5.25,8.5,1.36,5.25,7.75,1.35,5.5,8.25,1.33,5.8,9.89,1.35,5,9,1.33,5.5,7.5,1.58,5.8,9.96,1.35,5.3,8.58,1.53,2.5,1.55,2.62,1.6,2.72,1.54,2.48,-1.5,1.9,2.03,1.88,2.05,2.01,2.08,1.95,1.93
I1,18/09/2021,19:45,Salernitana,Atalanta,0,1,A,0,0,D,11,10,1,3,21,13,6,4,4,4,0,0,10,5.5,1.3,10.5,5.5,1.3,9.5,5.75,1.3,9.79,5.69,1.34,11,5.5,1.29,11.5,5.75,1.25,11.5,5.95,1.34,10.01,5.56,1.31,1.53,2.5,1.54,2.63,1.57,2.63,1.53,2.51,1.5,2.05,1.88,2.05,1.88,2.08,1.93,2.01,1.86,11,6,1.25,11,5.75,1.28,8.25,5.75,1.33,11.85,6.04,1.28,11,5.8,1.27,11.5,5,1.3,13,6.27,1.33,11.45,5.82,1.28,1.61,2.3,1.65,2.33,1.67,2.61,1.62,2.33,1.75,1.89,2.04,1.89,2.02,1.99,2.14,1.86,2.02
I1,19/09/2021,11:30,Empoli,Sampdoria,0,3,A,0,1,A,15,14,4,7,10,10,8,8,2,2,0,0,2.55,3.6,2.6,2.65,3.4,2.65,2.55,3.6,2.6,2.6,3.75,2.69,2.62,3.5,2.6,2.6,3.3,2.7,2.66,3.75,2.74,2.59,3.59,2.63,1.72,2.1,1.74,2.2,1.8,2.22,1.73,2.13,0,1.94,1.99,1.93,2,1.96,2,1.92,1.96,2.6,3.5,2.6,2.65,3.4,2.65,2.65,3.4,2.65,2.8,3.45,2.67,2.7,3.4,2.62,2.7,3.3,2.63,2.81,3.6,2.87,2.65,3.42,2.67,1.72,2.1,1.75,2.18,1.77,2.28,1.72,2.14,0,1.99,1.94,2.01,1.92,2.01,2.03,1.94,1.95
I1,19/09/2021,14:00,Venezia,Spezia,1,2,A,0,1,A,14,12,3,3,13,10,3,10,4,1,0,0,2.45,3.4,2.9,2.55,3.3,2.85,2.4,3.5,2.85,2.47,3.59,2.95,2.45,3.4,2.88,2.45,3.3,2.88,2.55,3.66,2.98,2.45,3.47,2.87,1.72,2.1,1.74,2.21,1.79,2.22,1.73,2.13,0,1.8,2.14,1.79,2.14,1.82,2.17,1.79,2.11,2.3,3.3,3.2,2.35,3.3,3.1,2.3,3.25,3.2,2.37,3.33,3.32,2.38,3.25,3.1,2.3,3.2,3.25,2.45,3.4,3.37,2.34,3.26,3.21,2,1.8,2.04,1.87,2.13,1.89,2,1.83,-0.25,2.04,1.89,2.03,1.9,2.07,1.92,2.01,1.87
I1,19/09/2021,17:00,Lazio,Cagliari,2,2,D,1,0,H,28,10,10,3,3,11,10,1,1,3,0,1,1.44,4.75,7,1.44,4.75,6.75,1.45,4.7,6.75,1.46,4.97,7.24,1.47,4.6,6.5,1.4,4.6,8,1.48,5,8,1.45,4.72,6.9,1.57,2.37,1.58,2.53,1.61,2.55,1.55,2.45,-1.25,2.01,1.92,1.98,1.94,2.04,1.94,1.99,1.88,1.44,4.5,7,1.45,4.75,6.5,1.45,4.7,7,1.49,4.68,7.03,1.42,4.5,8,1.44,4.5,7.5,1.5,5,8,1.45,4.68,7.01,1.66,2.2,1.67,2.32,1.7,2.38,1.63,2.3,-1.25,2.09,1.84,2.09,1.85,2.12,1.98,2.02,1.86
I1,19/09/2021,17:00,Verona,Roma,3,2,H,0,1,A,10,15,6,2,14,13,3,8,4,2,0,0,4,3.8,1.83,3.8,3.75,1.91,4,3.85,1.83,4.2,4.02,1.86,4,3.75,1.88,4.2,3.6,1.83,4.2,4.02,1.92,4.03,3.85,1.87,1.72,2.1,1.72,2.23,1.76,2.26,1.7,2.18,0.5,2.04,1.89,2.07,1.86,2.07,1.91,2.01,1.87,3.3,3.5,2.15,3.3,3.4,2.2,3.2,3.55,2.2,3.36,3.71,2.2,3.4,3.6,2.1,3.4,3.4,2.15,3.62,3.73,2.23,3.34,3.55,2.16,1.66,2.2,1.68,2.31,1.77,2.37,1.71,2.16,0.25,2.03,1.9,2.02,1.91,2.13,1.93,2.01,1.87
I1,19/09/2021,19:45,Juventus,Milan,1,1,D,1,0,H,9,13,4,3,13,16,4,4,1,1,0,0,2.1,3.4,3.5,2.15,3.4,3.4,2.1,3.55,3.4,2.13,3.69,3.55,2.15,3.4,3.4,2.1,3.4,3.5,2.21,3.75,3.66,2.13,3.55,3.43,1.72,2.1,1.79,2.12,1.85,2.16,1.78,2.05,-0.25,1.84,2.09,1.85,2.09,1.89,2.14,1.84,2.04,1.9,3.75,3.8,1.9,3.7,4,1.97,3.4,4,1.94,3.68,4.23,1.95,3.7,3.7,1.91,3.5,4.1,2.03,4.07,4.33,1.93,3.65,3.96,1.9,1.9,1.89,2.01,1.95,2.1,1.85,1.98,-0.5,1.96,1.97,1.94,1.98,1.98,1.99,1.95,1.93
I1,20/09/2021,19:45,Udinese,Napoli,0,4,A,0,2,A,9,18,1,8,10,11,2,5,2,1,0,0,4.5,3.6,1.83,4.4,3.5,1.87,4.3,3.65,1.83,4.69,3.65,1.86,4.33,3.5,1.88,4.4,3.5,1.83,4.7,3.75,1.94,4.39,3.59,1.86,1.9,1.9,1.93,1.97,1.95,2.04,1.88,1.95,0.5,2.04,1.89,2.07,1.86,2.07,1.91,2.02,1.86,4.33,3.6,1.83,4.5,3.5,1.83,3.95,3.5,1.95,4.65,3.56,1.89,4.5,3.5,1.85,4.4,3.5,1.85,4.8,3.7,1.95,4.46,3.53,1.87,1.9,1.9,1.89,2.02,1.96,2.07,1.87,1.96,0.5,2.04,1.89,2.03,1.89,2.08,1.95,2.01,1.87
I1,21/09/2021,17:30,Bologna,Genoa,2,2,D,0,0,D,17,11,6,6,14,15,7,2,3,4,0,0,1.95,3.5,3.75,2,3.5,3.8,2,3.45,3.75,2.06,3.47,4.02,2,3.3,4,2,3.3,3.9,2.1,3.6,4.18,2.02,3.44,3.9,1.9,1.9,1.93,1.97,1.96,2,1.9,1.92,-0.5,2.05,1.85,2.06,1.88,2.08,1.88,2.03,1.85,1.8,3.6,4.5,1.83,3.5,4.6,1.83,3.65,4.4,1.85,3.63,4.77,1.8,3.5,4.75,1.8,3.5,4.6,1.93,3.7,4.9,1.84,3.57,4.5,1.9,1.9,1.88,2.02,1.93,2.07,1.87,1.95,-0.5,1.83,2.07,1.85,2.08,1.88,2.1,1.84,2.04
I1,21/09/2021,19:45,Atalanta,Sassuolo,2,1,H,2,1,H,14,8,5,1,17,16,5,5,2,2,0,0,1.5,4.75,6,1.53,4.4,6,1.53,4.6,5.5,1.56,4.56,6.16,1.52,4.4,6,1.5,4.33,6.5,1.59,4.75,6.5,1.53,4.5,6,1.53,2.5,1.56,2.59,1.57,2.63,1.52,2.54,-1,1.88,2.02,1.89,2.04,1.91,2.08,1.86,2.01,1.45,4.5,6.5,1.53,4.4,6,1.53,4.8,5.5,1.48,4.94,6.72,1.5,4.33,6.5,1.45,4.5,6.5,1.57,4.95,7.23,1.5,4.64,6.16,1.44,2.75,1.46,2.86,1.5,2.99,1.45,2.72,-1.25,2.02,1.77,2.08,1.85,2.19,1.88,2.08,1.8
I1,21/09/2021,19:45,Fiorentina,Inter,1,3,A,1,0,H,14,17,6,5,11,15,4,8,2,3,1,0,3.75,3.6,1.9,3.7,3.6,2,3.65,3.65,1.97,3.8,3.75,2.03,3.7,3.7,1.95,3.9,3.5,1.95,3.9,3.86,2.16,3.73,3.65,2,1.72,2.1,1.76,2.18,1.82,2.22,1.74,2.12,0.5,1.89,2.01,1.9,2.03,1.91,2.05,1.88,2,4.2,3.8,1.75,4,3.8,1.85,4.2,3.8,1.8,4.56,3.9,1.83,4.4,3.75,1.8,4.33,3.6,1.83,4.75,4.1,1.97,4.28,3.8,1.83,1.72,2.1,1.79,2.13,1.81,2.28,1.75,2.11,0.75,1.83,2.07,1.86,2.07,1.95,2.16,1.81,2.07
I1,22/09/2021,17:30,Salernitana,Verona,2,2,D,1,2,A,15,10,4,5,13,17,4,5,2,3,0,0,3.5,3.4,2.05,3.5,3.5,2.1,3.6,3.4,2.1,3.77,3.56,2.1,3.6,3.4,2.1,3.7,3.2,2.1,3.84,3.56,2.17,3.63,3.42,2.09,2,1.8,2.08,1.84,2.1,1.87,2.03,1.8,0.25,2.08,1.82,2.13,1.8,2.16,1.88,2.07,1.81,3.8,3.3,2.05,3.75,3.25,2.1,3.8,3.2,2.1,3.99,3.27,2.14,3.9,3.25,2.05,3.9,3.13,2.1,4.18,3.38,2.21,3.84,3.25,2.1,2.2,1.66,2.23,1.72,2.26,1.78,2.17,1.7,0.5,1.75,2.05,1.8,2.13,1.83,2.16,1.78,2.11
I1,22/09/2021,17:30,Spezia,Juventus,2,3,A,1,1,D,10,26,5,9,14,10,5,15,2,1,0,0,8,5.5,1.33,8,5.25,1.36,8,5.5,1.35,8.94,5.42,1.37,9.5,5,1.35,10,5.25,1.3,10,5.55,1.39,8.62,5.21,1.36,1.57,2.37,1.58,2.53,1.59,2.6,1.54,2.47,1.5,1.91,1.99,1.91,2.01,1.94,2.07,1.88,1.99,8,5,1.36,7.5,5,1.4,7.25,5.25,1.4,8.28,5.36,1.39,8.5,5,1.36,9,5,1.33,9.4,5.6,1.51,7.99,5.12,1.38,1.61,2.3,1.62,2.42,1.65,2.6,1.59,2.39,1.5,1.75,2.05,1.8,2.14,1.9,2.17,1.79,2.09
I1,22/09/2021,19:45,Cagliari,Empoli,0,2,A,0,1,A,16,17,1,5,15,13,7,4,2,1,0,0,2,3.75,3.4,2.05,3.5,3.6,2.05,3.7,3.5,2.04,3.85,3.65,2,3.6,3.7,2,3.5,3.7,2.08,3.88,3.76,2.03,3.68,3.56,1.72,2.1,1.72,2.22,1.76,2.25,1.7,2.17,-0.5,2.04,1.86,2.04,1.88,2.07,1.91,2.03,1.85,2,3.75,3.5,2,3.75,3.5,1.97,3.75,3.55,2.03,3.88,3.66,2,3.6,3.7,1.95,3.6,3.75,2.15,3.88,3.84,2.02,3.71,3.56,1.66,2.2,1.66,2.34,1.75,2.37,1.65,2.25,-0.5,2.03,1.9,2.03,1.89,2.08,1.92,2.02,1.86
I1,22/09/2021,19:45,Milan,Venezia,2,0,H,0,0,D,15,8,4,2,12,13,4,4,0,2,0,0,1.25,6,12,1.25,6.25,10.5,1.25,6.25,11,1.25,6.55,12.36,1.24,6,13,1.2,6,15,1.28,6.92,15,1.25,6.21,12.07,1.44,2.75,1.46,2.81,1.51,2.84,1.45,2.73,-1.75,1.92,1.98,1.92,1.99,1.97,2.02,1.91,1.96,1.25,6,11,1.26,6,11.5,1.3,5.75,10,1.27,6.24,12.53,1.27,5.8,11,1.25,5.75,12,1.3,6.5,13,1.27,5.96,11.46,1.57,2.37,1.59,2.51,1.62,2.56,1.57,2.43,-1.75,2.07,1.86,2.08,1.85,2.11,1.9,2.04,1.84
I1,23/09/2021,17:30,Sampdoria,Napoli,0,4,A,0,2,A,13,17,5,9,10,7,5,5,2,1,0,0,4.2,3.6,1.83,4.2,3.75,1.85,4.2,3.8,1.8,4.5,3.94,1.83,4.2,3.7,1.83,4.4,3.6,1.8,4.55,4,1.88,4.28,3.78,1.83,1.72,2.1,1.79,2.13,1.8,2.26,1.75,2.11,0.75,1.77,2.02,1.87,2.06,1.87,2.14,1.81,2.06,4.5,3.8,1.72,4.6,3.8,1.75,4.6,3.85,1.75,4.96,4.15,1.72,4.6,3.8,1.75,4.75,3.75,1.73,5.02,4.15,1.87,4.56,3.89,1.76,1.61,2.3,1.64,2.4,1.69,2.47,1.63,2.29,0.75,1.98,1.95,1.99,1.93,2.04,2.05,1.91,1.97
I1,23/09/2021,17:30,Torino,Lazio,1,1,D,0,0,D,16,6,5,2,19,9,6,5,3,3,0,0,3.25,3.5,2.15,3.3,3.4,2.2,3.3,3.45,2.2,3.42,3.55,2.23,3.3,3.4,2.2,3.2,3.4,2.2,3.6,3.6,2.27,3.34,3.44,2.2,1.72,2.1,1.74,2.21,1.77,2.24,1.7,2.17,0.25,1.98,1.92,2,1.93,2,1.99,1.96,1.91,2.9,3.4,2.37,3.1,3.4,2.3,3,3.3,2.4,3.22,3.42,2.39,3.25,3.3,2.3,3,3.3,2.4,3.35,3.5,2.47,3.1,3.35,2.36,1.9,1.9,1.95,1.95,1.97,2.15,1.83,2,0.25,1.83,2.1,1.88,2.05,1.93,2.13,1.84,2.04
I1,23/09/2021,19:45,Roma,Udinese,1,0,H,1,0,H,12,8,2,3,22,8,6,6,4,1,1,0,1.55,4.2,5.5,1.53,4.33,6,1.53,4.5,5.75,1.55,4.53,6.37,1.55,4.2,6,1.5,4.2,6.5,1.62,4.6,6.6,1.54,4.36,6.05,1.66,2.2,1.64,2.38,1.7,2.41,1.63,2.31,-1,1.91,1.99,1.91,2.02,2.02,2.03,1.9,1.97,1.44,4.5,6.5,1.45,4.6,7,1.45,4.8,6.75,1.52,4.47,6.96,1.44,4.6,7,1.4,4.75,7.5,1.67,4.9,7.5,1.47,4.63,6.83,1.57,2.37,1.62,2.43,1.67,2.49,1.59,2.37,-1.25,2.07,1.86,2.16,1.78,2.17,1.92,2.02,1.85
I1,25/09/2021,14:00,Spezia,Milan,1,2,A,0,0,D,8,18,2,5,12,11,2,4,2,2,0,0,7,4.5,1.45,6,4.75,1.48,6.75,4.7,1.45,6.92,4.63,1.5,7,4.4,1.47,7,4.4,1.44,7.25,4.78,1.52,6.7,4.54,1.48,1.57,2.37,1.64,2.39,1.66,2.45,1.6,2.36,1.25,1.84,2.09,1.87,2.06,1.88,2.12,1.84,2.06,6,4,1.55,6,4.2,1.55,6,4.3,1.53,6.02,4.32,1.6,6,4.4,1.52,6,4.1,1.55,7,4.65,1.63,5.82,4.22,1.57,1.61,2.3,1.65,2.36,1.68,2.5,1.63,2.28,1,1.92,2.01,1.93,2,2.14,2.04,1.91,1.96
I1,25/09/2021,17:00,Inter,Atalanta,2,2,D,1,2,A,19,23,6,5,13,11,4,11,3,5,0,0,1.9,3.75,3.8,2,3.6,3.7,2,3.55,3.75,2.02,3.77,3.8,2,3.7,3.6,1.95,3.5,3.8,2.06,3.88,3.86,1.99,3.69,3.71,1.72,2.1,1.77,2.15,1.82,2.25,1.72,2.15,-0.5,2,1.93,2.02,1.9,2.04,1.95,1.99,1.89,1.83,3.75,4,1.91,3.75,3.8,1.95,3.55,3.95,1.94,3.89,3.98,1.85,3.7,4.2,1.87,3.6,4.1,2.06,3.98,4.48,1.92,3.77,3.88,1.66,2.2,1.66,2.34,1.71,2.5,1.64,2.28,-0.5,1.94,1.99,1.94,1.98,1.96,2.02,1.93,1.95
I1,25/09/2021,19:45,Genoa,Verona,3,3,D,0,1,A,10,12,4,7,13,13,3,2,3,2,0,0,2.75,3.25,2.62,2.8,3.1,2.7,2.75,3.2,2.7,2.83,3.26,2.77,2.8,3.1,2.7,2.7,3.13,2.7,2.9,3.26,2.77,2.78,3.18,2.7,2.05,1.85,2.05,1.86,2.08,1.89,2.01,1.83,0,1.97,1.96,1.98,1.94,2.01,1.97,1.95,1.93,2.62,3.25,2.7,2.6,3.2,2.8,2.65,3.2,2.8,2.67,3.26,2.94,2.75,3.1,2.75,2.63,3.2,2.75,2.9,3.34,2.94,2.68,3.21,2.77,2,1.8,2.02,1.88,2.06,2.07,1.96,1.87,0,1.87,2.06,1.87,2.06,1.98,2.07,1.89,1.99
I1,26/09/2021,11:30,Juventus,Sampdoria,3,2,H,2,1,H,16,5,6,3,22,16,4,2,4,3,0,0,1.3,5.75,9,1.36,5.25,8.25,1.37,5.25,7.75,1.36,5.43,9.52,1.33,5,10,1.3,5.25,10,1.4,5.75,10,1.35,5.26,8.91,1.57,2.37,1.61,2.46,1.64,2.55,1.58,2.41,-1.5,2.06,1.87,2.07,1.86,2.15,1.91,2.03,1.85,1.33,5.25,8.5,1.35,5.25,8.25,1.37,4.9,8.5,1.36,5.74,8.78,1.33,5.25,9,1.36,4.8,9,1.42,5.98,9.52,1.35,5.38,8.48,1.5,2.62,1.49,2.76,1.59,2.85,1.5,2.62,-1.5,2.01,1.92,2.01,1.92,2.06,2.03,1.99,1.89
I1,26/09/2021,14:00,Empoli,Bologna,4,2,H,2,1,H,15,20,7,5,15,22,2,10,2,2,0,0,2.6,3.75,2.5,2.55,3.7,2.6,2.6,3.65,2.55,2.69,3.75,2.61,2.62,3.5,2.6,2.63,3.4,2.6,2.8,3.77,2.68,2.63,3.64,2.57,1.57,2.37,1.66,2.35,1.69,2.4,1.61,2.32,0,1.98,1.95,1.99,1.93,2,1.97,1.96,1.92,2.75,3.5,2.45,2.75,3.5,2.5,2.7,3.5,2.5,2.89,3.56,2.54,2.7,3.5,2.55,2.7,3.4,2.55,2.89,3.68,2.69,2.71,3.52,2.55,1.57,2.37,1.61,2.44,1.68,2.5,1.62,2.32,0,2.07,1.86,2.1,1.84,2.1,1.95,2,1.88
I1,26/09/2021,14:00,Sassuolo,Salernitana,1,0,H,0,0,D,17,12,6,5,16,16,4,8,3,3,0,0,1.4,5,7.5,1.44,4.6,7.25,1.43,4.9,6.75,1.46,4.89,7.28,1.4,4.6,8.5,1.36,4.8,8.5,1.47,5,8.5,1.43,4.79,7.45,1.53,2.5,1.59,2.5,1.59,2.6,1.54,2.48,-1.25,1.94,1.99,1.93,1.98,1.96,2.04,1.92,1.96,1.33,5,9.5,1.42,5,7,1.45,4.7,6.75,1.37,5.39,9.1,1.36,4.8,9,1.36,4.8,9,1.45,5.4,9.5,1.38,5,8.24,1.57,2.37,1.6,2.48,1.67,2.5,1.6,2.35,-1.25,1.75,2.05,1.8,2.13,1.94,2.19,1.83,2.05
I1,26/09/2021,14:00,Udinese,Fiorentina,0,1,A,0,1,A,12,8,5,2,14,11,4,1,2,3,0,0,3.1,3.4,2.3,3,3.4,2.35,3.05,3.4,2.35,3.13,3.55,2.38,3.1,3.3,2.35,3.13,3.3,2.3,3.18,3.57,2.4,3.07,3.43,2.34,1.9,1.9,1.92,1.99,1.92,2.03,1.87,1.96,0.25,1.89,2.04,1.88,2.05,1.91,2.05,1.86,2.01,3,3.25,2.45,3,3.2,2.45,3,3.15,2.45,3.16,3.25,2.52,3.2,3.2,2.37,3.1,3.1,2.45,3.44,3.55,2.66,3.03,3.21,2.49,2.1,1.72,2.15,1.78,2.21,2,2.11,1.75,0.25,1.8,2.14,1.81,2.14,1.89,2.25,1.78,2.12
I1,26/09/2021,17:00,Lazio,Roma,3,2,H,2,1,H,9,20,4,8,11,13,1,9,2,4,0,0,2.62,3.5,2.6,2.65,3.6,2.55,2.65,3.4,2.65,2.75,3.54,2.66,2.62,3.5,2.6,2.63,3.4,2.63,2.8,3.7,2.75,2.67,3.47,2.63,1.72,2.1,1.74,2.21,1.8,2.26,1.71,2.18,0,1.98,1.95,2,1.93,2,2,1.95,1.94,2.45,3.4,2.87,2.4,3.4,2.95,2.5,3.3,2.9,2.47,3.45,3.05,2.45,3.4,2.87,2.38,3.4,2.9,2.65,3.72,3.13,2.43,3.42,2.93,1.66,2.2,1.68,2.31,1.74,2.39,1.67,2.23,0,1.7,2.1,1.76,2.18,1.89,2.25,1.76,2.14
I1,26/09/2021,19:45,Napoli,Cagliari,2,0,H,1,0,H,18,6,7,1,12,10,6,4,2,1,0,0,1.25,6,11,1.28,5.75,10.5,1.25,6.25,11,1.27,6.47,11.91,1.25,6,12,1.22,6,13,1.3,6.6,13,1.26,6.1,11.56,1.53,2.5,1.51,2.66,1.54,2.66,1.51,2.57,-1.75,1.97,1.96,1.94,1.96,2.09,1.98,1.95,1.92,1.22,7,11,1.25,6.5,10.5,1.22,6.5,13,1.24,6.79,13.22,1.22,6.5,13,1.18,7,15,1.3,7.2,15,1.23,6.6,12.38,1.4,3,1.42,2.97,1.54,3.26,1.41,2.9,-1.75,1.88,2.05,1.88,2.02,1.94,2.22,1.84,2.04
I1,27/09/2021,19:45,Venezia,Torino,1,1,D,0,0,D,8,8,2,3,9,18,4,1,1,4,0,1,3.6,3.5,2.05,3.6,3.4,2.1,3.5,3.45,2.1,3.67,3.57,2.13,3.5,3.4,2.15,3.5,3.3,2.1,3.7,3.6,2.17,3.54,3.48,2.11,1.9,1.9,1.94,1.96,1.95,2.05,1.87,1.96,0.25,2.08,1.85,2.1,1.84,2.1,1.88,2.05,1.84,3.5,3.25,2.15,3.6,3.25,2.15,3.5,3.3,2.2,3.72,3.32,2.21,3.5,3.3,2.15,3.6,3.2,2.15,3.86,3.4,2.27,3.54,3.28,2.19,2,1.8,2.09,1.82,2.18,1.93,2.06,1.78,0.25,2.05,1.88,2.04,1.88,2.05,1.91,2,1.88
I1,01/10/2021,19:45,Cagliari,Venezia,1,1,D,1,0,H,9,10,3,4,15,19,2,4,2,5,0,0,1.85,3.5,4.33,1.85,3.5,4.5,1.9,3.55,4.3,1.9,3.6,4.54,1.83,3.5,4.6,1.85,3.4,4.5,1.95,3.7,4.72,1.88,3.54,4.39,2.07,1.83,2.07,1.85,2.09,1.91,2,1.84,-0.5,1.9,2.03,1.9,2.02,1.93,2.05,1.89,2,1.75,3.6,4.75,1.8,3.5,4.75,1.8,3.65,4.5,1.83,3.73,4.8,1.75,3.8,4.6,1.75,3.6,4.8,1.9,3.8,4.97,1.81,3.63,4.59,1.9,1.9,1.95,1.95,2,2.07,1.92,1.9,-0.5,1.77,2.02,1.82,2.11,1.87,2.13,1.82,2.06
I1,02/10/2021,14:00,Salernitana,Genoa,1,0,H,0,0,D,10,19,4,4,15,17,10,8,2,2,0,0,2.87,3.3,2.45,2.95,3.25,2.5,2.95,3.2,2.5,3.04,3.31,2.56,3,3.2,2.5,2.9,3.13,2.5,3.07,3.42,2.6,2.96,3.24,2.51,2.03,1.87,2.02,1.88,2.11,1.89,2.01,1.83,0.25,1.73,2.08,1.78,2.17,1.81,2.17,1.76,2.14,2.7,3.1,2.8,2.8,3.2,2.6,2.65,3.1,2.85,2.74,3.2,2.91,2.75,3.2,2.7,2.75,3.1,2.75,2.98,3.28,2.92,2.75,3.14,2.74,2,1.8,2.11,1.8,2.19,1.84,2.07,1.76,0,1.9,2.03,1.9,2.02,2.04,2.08,1.92,1.96
I1,02/10/2021,17:00,Torino,Juventus,0,1,A,0,0,D,12,10,2,3,20,14,4,6,3,1,0,0,4.5,3.5,1.8,4.2,3.4,1.9,4.5,3.55,1.83,4.72,3.7,1.85,4.4,3.4,1.88,4.5,3.4,1.83,4.76,3.7,1.95,4.46,3.53,1.86,1.96,1.94,1.96,1.94,2,2.05,1.91,1.92,0.5,2.07,1.86,2.08,1.84,2.09,1.93,2.02,1.86,4.33,3.3,1.9,4.25,3.4,1.91,4.1,3.35,1.95,4.53,3.32,1.99,4.6,3.4,1.85,4.4,3.3,1.91,4.9,3.64,2.09,4.4,3.35,1.93,2.1,1.72,2.18,1.76,2.23,1.87,2.08,1.76,0.5,1.92,2.01,1.93,1.99,2.1,2.03,1.95,1.94
I1,02/10/2021,19:45,Sassuolo,Inter,1,2,A,1,0,H,12,18,8,3,10,19,6,8,4,2,0,0,4.33,4.2,1.7,4.33,4.2,1.72,4.5,4.1,1.7,4.59,4.48,1.71,4.33,4.2,1.72,4.75,3.9,1.7,4.75,4.5,1.78,4.47,4.24,1.71,1.5,2.62,1.5,2.71,1.54,2.71,1.5,2.59,0.75,2,1.93,2.02,1.91,2.02,1.96,1.98,1.9,5,4.5,1.6,4.75,4.33,1.65,4.7,4.3,1.63,5.1,4.53,1.65,5,4.2,1.63,4.6,4.2,1.67,5.46,4.59,1.82,4.81,4.38,1.65,1.44,2.75,1.49,2.75,1.55,2.99,1.46,2.7,0.75,2.08,1.73,2.14,1.79,2.17,1.89,2.08,1.8
I1,03/10/2021,11:30,Bologna,Lazio,3,0,H,2,0,H,10,8,3,4,5,16,3,3,2,5,0,1,3.1,3.6,2.2,3.3,3.6,2.15,3.15,3.55,2.2,3.27,3.64,2.27,3.2,3.5,2.2,3.2,3.4,2.2,3.4,3.75,2.28,3.21,3.58,2.21,1.66,2.2,1.7,2.27,1.72,2.33,1.66,2.24,0.25,1.96,1.97,1.96,1.96,1.99,1.98,1.95,1.92,3.1,3.4,2.3,3.2,3.4,2.25,3,3.4,2.35,3.19,3.37,2.43,3.2,3.4,2.25,3.1,3.4,2.3,3.4,3.54,2.45,3.12,3.4,2.33,1.72,2.1,1.79,2.13,1.79,2.28,1.71,2.15,0.25,1.84,2.09,1.85,2.08,1.95,2.11,1.86,2.02
I1,03/10/2021,14:00,Sampdoria,Udinese,3,3,D,1,2,A,13,18,3,7,12,15,6,8,4,5,0,0,2.1,3.5,3.5,2.15,3.3,3.6,2.2,3.3,3.45,2.22,3.37,3.62,2.15,3.4,3.5,2.1,3.3,3.5,2.25,3.63,3.64,2.18,3.36,3.49,1.9,1.9,1.93,1.97,1.95,2.05,1.87,1.95,-0.25,1.87,2.06,1.9,2.03,1.91,2.08,1.87,2.01,2.1,3.3,3.6,2.3,3.25,3.3,2.2,3.2,3.45,2.19,3.36,3.72,2.15,3.3,3.5,2.15,3.25,3.5,2.3,3.45,3.78,2.19,3.27,3.54,1.9,1.9,1.98,1.93,2.03,2.05,1.95,1.87,-0.25,1.84,2.09,1.87,2.06,1.94,2.09,1.88,2
I1,03/10/2021,14:00,Verona,Spezia,4,0,H,3,0,H,6,12,4,4,15,11,1,5,1,1,0,1,1.65,4,5.25,1.7,4,4.75,1.65,4.2,4.8,1.67,4.35,5.09,1.66,4,5,1.62,3.9,5.25,1.75,4.35,5.25,1.67,4.14,4.89,1.66,2.2,1.64,2.39,1.73,2.39,1.65,2.27,-0.75,1.86,2.07,1.87,2.07,1.91,2.11,1.85,2.04,1.55,4.33,5.5,1.55,4.33,5.75,1.55,4.4,5.5,1.6,4.31,5.92,1.55,4.2,6,1.53,4.2,6,1.65,4.5,6.1,1.57,4.29,5.67,1.57,2.37,1.62,2.44,1.63,2.52,1.58,2.4,-1,1.99,1.94,2,1.93,2.06,1.99,1.95,1.92
I1,03/10/2021,17:00,Fiorentina,Napoli,1,2,A,1,1,D,10,12,3,6,16,13,8,2,3,3,0,0,3.9,3.5,1.95,4.1,3.5,1.91,3.75,3.6,1.97,4.06,3.53,2.03,3.9,3.4,2,3.9,3.5,1.93,4.15,3.66,2.05,3.92,3.52,1.98,1.72,2.1,1.77,2.16,1.85,2.18,1.76,2.1,0.5,1.92,2.01,1.9,2.03,1.97,2.05,1.89,1.99,3.8,3.6,1.95,3.75,3.7,1.95,3.6,3.7,2,3.88,3.65,2.04,4,3.5,1.95,3.7,3.5,2,4.22,3.75,2.09,3.76,3.59,2,1.66,2.2,1.66,2.34,1.69,2.5,1.64,2.27,0.5,1.87,2.06,1.89,2.04,1.98,2.08,1.87,2.02
I1,03/10/2021,17:00,Roma,Empoli,2,0,H,1,0,H,18,11,7,3,11,16,5,5,2,3,0,0,1.4,5,7,1.42,5,6.75,1.4,4.9,7.5,1.45,5.42,6.69,1.42,5,7,1.36,5,8,1.47,5.5,8,1.42,5.15,6.73,1.36,3.2,1.42,3.05,1.43,3.2,1.39,3,-1.25,1.88,2.05,1.9,2.02,1.91,2.07,1.87,2.01,1.36,5.5,7,1.36,5.5,7.5,1.35,5.75,7.75,1.43,5.3,7.32,1.4,5.25,7,1.36,5.5,7.5,1.45,5.75,8,1.38,5.37,7.39,1.36,3.2,1.37,3.28,1.43,3.28,1.38,3.06,-1.5,2.07,1.86,2.08,1.84,2.1,2.01,2,1.88
I1,03/10/2021,19:45,Atalanta,Milan,2,3,A,0,2,A,17,13,6,7,13,14,9,5,1,4,0,0,2.05,3.75,3.4,2.1,3.6,3.4,2.15,3.5,3.4,2.19,3.72,3.36,2.1,3.6,3.4,2.1,3.5,3.4,2.2,3.77,3.58,2.13,3.64,3.34,1.66,2.2,1.69,2.28,1.74,2.35,1.67,2.23,-0.25,1.87,2.06,1.9,2.02,1.9,2.08,1.86,2.03,2.15,3.5,3.3,2.1,3.5,3.5,2.1,3.5,3.45,2.17,3.62,3.52,2.2,3.5,3.25,2.1,3.5,3.4,2.31,3.8,3.62,2.15,3.55,3.38,1.72,2.1,1.74,2.21,1.76,2.3,1.69,2.19,-0.25,1.87,2.06,1.88,2.06,1.97,2.08,1.87,2.01
I1,16/10/2021,14:00,Spezia,Salernitana,2,1,H,0,1,A,18,15,5,4,13,15,10,2,2,3,0,0,2.1,3.4,3.5,2.1,3.4,3.4,2.2,3.35,3.4,2.24,3.39,3.56,2.2,3.25,3.5,2.15,3.3,3.4,2.26,3.48,3.56,2.19,3.33,3.44,1.9,1.9,1.89,2.02,1.92,2.03,1.86,1.96,-0.25,1.89,2.01,1.92,2.01,1.94,2.05,1.89,1.99,2.05,3.4,3.6,2.1,3.4,3.4,2.05,3.35,3.7,2.1,3.42,3.95,2.15,3.25,3.6,2.05,3.25,3.9,2.2,3.49,3.97,2.08,3.34,3.7,1.9,1.9,2.02,1.88,2.05,2.02,1.94,1.88,-0.25,1.73,2.08,1.79,2.15,1.84,2.19,1.79,2.1
I1,16/10/2021,17:00,Lazio,Inter,3,1,H,0,1,A,19,12,8,4,12,12,7,3,3,6,1,0,3.3,3.5,2.15,3.4,3.3,2.15,3.3,3.45,2.2,3.52,3.54,2.19,3.3,3.3,2.25,3.3,3.4,2.15,3.58,3.55,2.27,3.33,3.41,2.2,1.66,2.2,1.68,2.3,1.72,2.32,1.66,2.25,0.25,2,1.9,2.04,1.89,2.05,1.94,1.97,1.9,3.3,3.4,2.2,3.4,3.3,2.15,3.15,3.4,2.3,3.28,3.47,2.33,3.2,3.3,2.3,3.13,3.4,2.25,3.31,3.73,2.4,3.16,3.38,2.29,1.72,2.1,1.77,2.15,1.81,2.28,1.74,2.11,0.25,1.9,2,1.93,2,2.05,2.04,1.9,1.98
I1,16/10/2021,19:45,Milan,Verona,3,2,H,0,2,A,17,10,4,5,11,20,5,4,1,4,0,0,1.55,4.2,5.75,1.48,4.6,6,1.55,4.4,5.75,1.56,4.4,6.43,1.53,4.2,6.5,1.5,4.2,6.5,1.58,4.48,6.65,1.54,4.27,6.14,1.61,2.3,1.64,2.39,1.68,2.47,1.63,2.31,-1,1.93,1.97,1.94,1.98,1.96,2,1.9,1.96,1.57,4.2,5.5,1.48,4.6,6,1.57,4.1,5.75,1.59,4.37,6.01,1.57,4.2,5.8,1.55,4.1,6,1.69,4.5,6.45,1.57,4.23,5.78,1.66,2.2,1.69,2.27,1.76,2.34,1.7,2.17,-1,1.96,1.94,2,1.93,2.06,2.01,1.96,1.92
I1,17/10/2021,11:30,Cagliari,Sampdoria,3,1,H,1,0,H,12,17,5,3,14,18,5,9,4,2,0,0,2.55,3.4,2.75,2.75,3.4,2.5,2.55,3.4,2.75,2.65,3.45,2.82,2.6,3.4,2.7,2.6,3.3,2.7,2.8,3.55,2.83,2.6,3.38,2.74,1.72,2.1,1.81,2.1,1.85,2.16,1.76,2.09,0,1.9,2,1.9,2.02,1.92,2.03,1.89,2,2.45,3.3,2.87,2.75,3.4,2.5,2.45,3.3,3,2.52,3.35,3.06,2.5,3.25,2.9,2.45,3.2,3,2.57,3.4,3.12,2.47,3.28,2.95,1.97,1.93,1.95,1.95,1.99,2.07,1.9,1.93,-0.25,2.11,1.79,2.15,1.8,2.15,1.83,2.11,1.79
I1,17/10/2021,14:00,Empoli,Atalanta,1,4,A,1,2,A,13,22,6,7,10,15,5,4,3,2,0,0,5.75,4.33,1.55,5,4.2,1.6,5.25,4.4,1.6,5.49,4.28,1.64,5.5,4.2,1.6,5.75,4.2,1.55,6,4.45,1.67,5.31,4.24,1.61,1.5,2.62,1.52,2.65,1.53,2.65,1.5,2.56,1,1.9,2,1.9,2.03,1.93,2.08,1.87,2.01,4.75,4,1.66,5,4.2,1.6,4.8,4.2,1.63,5.86,4.43,1.59,5,4.2,1.63,5.5,4.2,1.57,5.87,4.5,1.68,5.11,4.2,1.63,1.53,2.5,1.54,2.63,1.57,2.72,1.52,2.55,1,1.94,1.96,1.95,1.97,1.97,2.13,1.85,2.03
I1,17/10/2021,14:00,Genoa,Sassuolo,2,2,D,1,2,A,19,15,4,5,11,18,6,1,2,4,0,0,3.1,3.5,2.25,3.3,3.4,2.15,3.1,3.45,2.3,3.22,3.5,2.35,3.2,3.4,2.25,3.1,3.4,2.25,3.39,3.6,2.4,3.13,3.45,2.29,1.66,2.2,1.73,2.22,1.75,2.29,1.68,2.21,0.25,1.9,2,1.91,2.02,1.95,2.02,1.89,1.99,3,3.5,2.3,3.3,3.4,2.15,2.95,3.45,2.35,3.01,3.57,2.45,3.1,3.3,2.35,2.9,3.4,2.4,3.11,3.58,2.47,2.94,3.44,2.38,1.72,2.1,1.72,2.23,1.75,2.26,1.7,2.16,0.25,1.79,2.11,1.83,2.11,1.87,2.14,1.81,2.09
I1,17/10/2021,14:00,Udinese,Bologna,1,1,D,0,0,D,10,23,2,11,15,11,2,8,3,7,1,0,2.25,3.4,3.2,2.45,3.4,2.8,2.3,3.35,3.1,2.38,3.44,3.21,2.35,3.3,3.1,2.3,3.2,3.2,2.4,3.5,3.23,2.32,3.36,3.14,1.9,1.9,1.99,1.92,2,2.01,1.92,1.91,-0.25,2.01,1.89,2.05,1.88,2.05,1.91,2,1.88,2.15,3.3,3.5,2.45,3.4,2.8,2.2,3.3,3.4,2.2,3.45,3.6,2.25,3.25,3.4,2.15,3.25,3.5,2.3,3.5,3.66,2.18,3.33,3.44,1.9,1.9,1.96,1.94,2.02,2.05,1.94,1.88,-0.25,1.87,2.03,1.89,2.04,1.93,2.08,1.88,2
I1,17/10/2021,17:00,Napoli,Torino,1,0,H,0,0,D,10,11,3,3,6,20,3,4,2,4,0,0,1.4,4.5,8.5,1.36,4.75,8.5,1.43,4.7,6.75,1.44,4.68,8.38,1.42,4.5,8,1.36,4.75,8.5,1.47,4.9,8.5,1.42,4.68,7.78,1.66,2.2,1.71,2.25,1.74,2.29,1.66,2.23,-1.25,1.96,1.94,1.99,1.93,2,1.99,1.94,1.94,1.33,5.25,9,1.36,4.75,8.5,1.37,4.9,8.5,1.4,5.1,8.84,1.35,5,9,1.33,5,10,1.4,5.4,10,1.36,5.04,8.54,1.57,2.37,1.61,2.46,1.61,2.56,1.57,2.42,-1.5,2.09,1.81,2.12,1.81,2.13,1.95,2.03,1.83
I1,17/10/2021,19:45,Juventus,Roma,1,0,H,1,0,H,6,14,2,4,18,13,0,6,3,5,0,0,1.85,3.8,4,1.85,3.7,4,1.9,3.75,4,1.92,3.72,4.3,1.91,3.6,4,1.85,3.6,4.1,1.98,3.9,4.3,1.9,3.67,4.07,1.72,2.1,1.75,2.19,1.78,2.27,1.7,2.18,-0.5,1.89,2.01,1.92,2.01,1.92,2.04,1.89,1.97,1.9,3.75,3.9,1.85,3.7,4,1.9,3.6,4.1,1.93,3.7,4.26,1.91,3.6,4,1.87,3.5,4.2,1.98,3.81,4.45,1.9,3.63,4.08,1.72,2.1,1.78,2.14,1.82,2.26,1.74,2.12,-0.5,1.91,1.99,1.93,1.99,1.98,2.03,1.91,1.95
I1,18/10/2021,19:45,Venezia,Fiorentina,1,0,H,1,0,H,4,10,2,2,17,11,2,5,2,5,0,1,4.2,3.75,1.83,3.7,3.5,2,4,3.65,1.9,4.09,3.81,1.93,4.2,3.6,1.88,4.33,3.4,1.87,4.33,3.81,1.94,4.1,3.64,1.9,1.9,1.9,1.93,1.97,2,2.01,1.91,1.91,0.5,1.98,1.92,1.98,1.93,2.01,1.93,1.97,1.89,4,3.5,1.9,3.7,3.5,2,3.85,3.5,1.97,4.24,3.53,1.98,4.2,3.5,1.91,4.1,3.3,1.95,4.42,3.7,2.05,4.01,3.46,1.96,1.9,1.9,1.99,1.91,2.01,2.05,1.93,1.89,0.5,1.94,1.96,1.93,1.98,1.97,2.05,1.89,1.98
I1,22/10/2021,17:30,Torino,Genoa,3,2,H,2,0,H,17,14,6,4,20,18,2,4,2,3,0,0,1.7,3.7,5,1.83,3.5,4.4,1.73,3.8,4.8,1.74,3.83,5.31,1.75,3.6,5,1.7,3.6,5.25,1.85,3.9,5.51,1.73,3.76,4.99,1.9,1.9,1.91,1.99,1.98,2.03,1.89,1.94,-0.75,1.97,1.96,1.97,1.95,1.99,1.98,1.95,1.93,1.7,3.75,5,1.83,3.5,4.4,1.73,3.8,4.7,1.75,3.84,5.22,1.75,3.6,5,1.7,3.7,5,1.83,3.88,5.26,1.73,3.75,4.91,1.8,2,1.83,2.08,1.98,2.15,1.81,2.01,-0.75,1.98,1.95,1.97,1.95,2,1.98,1.96,1.92
I1,22/10/2021,19:45,Sampdoria,Spezia,2,1,H,2,0,H,6,17,2,7,9,9,0,8,3,1,0,0,1.8,3.8,4.2,1.7,4,4.5,1.83,3.9,3.95,1.86,3.96,4.27,1.78,3.9,4.33,1.8,3.7,4.33,1.89,4.05,4.5,1.84,3.89,4.14,1.61,2.3,1.65,2.37,1.67,2.4,1.63,2.32,-0.75,2.05,1.75,2.1,1.82,2.13,1.86,2.07,1.81,1.72,3.8,4.75,1.7,4,4.5,1.77,4,4.2,1.76,4,4.87,1.73,4,4.5,1.73,3.9,4.6,1.85,4.15,4.87,1.76,3.93,4.48,1.57,2.37,1.61,2.46,1.72,2.46,1.6,2.35,-0.75,1.97,1.96,1.97,1.95,2.09,1.98,1.98,1.9
I1,23/10/2021,14:00,Salernitana,Empoli,2,4,A,0,4,A,12,11,6,6,11,16,7,1,1,3,0,0,2.7,3.4,2.62,2.65,3.4,2.55,2.7,3.35,2.6,2.75,3.46,2.71,2.75,3.3,2.6,2.7,3.25,2.7,2.81,3.52,2.72,2.72,3.37,2.62,1.9,1.9,1.91,2,1.91,2.08,1.85,1.98,0,1.98,1.95,1.98,1.94,2,1.98,1.97,1.92,3.1,3.4,2.3,2.65,3.4,2.55,3,3.45,2.35,3.14,3.47,2.41,3.1,3.4,2.3,3.1,3.4,2.3,3.4,3.64,2.55,3.02,3.42,2.36,1.66,2.2,1.73,2.22,1.8,2.28,1.7,2.17,0.25,1.86,2.07,1.86,2.07,1.97,2.08,1.84,2.04
I1,23/10/2021,17:00,Sassuolo,Venezia,3,1,H,1,1,D,14,8,7,3,10,15,5,4,1,2,0,0,1.57,4.2,5.5,1.51,4.5,5.75,1.6,4.3,5.25,1.6,4.32,5.98,1.6,4.2,5.5,1.55,4.1,5.75,1.63,4.5,6,1.59,4.24,5.47,1.61,2.3,1.66,2.34,1.68,2.4,1.62,2.31,-1,2.04,1.89,2.02,1.91,2.07,1.93,2.01,1.86,1.6,4,5.5,1.51,4.5,5.75,1.63,4.2,5.25,1.61,4.25,5.88,1.6,4,5.8,1.57,4.1,5.75,1.67,4.32,6,1.61,4.08,5.51,1.61,2.3,1.65,2.36,1.69,2.39,1.64,2.27,-1,2.09,1.84,2.06,1.87,2.19,1.88,2.05,1.83
I1,23/10/2021,19:45,Bologna,Milan,2,4,A,0,2,A,9,15,4,7,7,15,4,1,1,3,2,0,3.35,3.6,2.1,3.75,3.6,1.93,3.35,3.45,2.2,3.42,3.54,2.24,3.3,3.4,2.2,3.25,3.4,2.2,3.58,3.89,2.24,3.34,3.5,2.16,1.72,2.1,1.74,2.21,1.76,2.31,1.69,2.2,0.25,1.98,1.95,2,1.93,2.05,1.98,1.97,1.9,3.5,3.4,2.1,3.75,3.6,1.93,3.5,3.45,2.1,3.53,3.49,2.21,3.4,3.4,2.15,3.4,3.4,2.15,4.03,3.61,2.34,3.42,3.44,2.16,1.72,2.1,1.76,2.17,1.78,2.28,1.72,2.14,0.25,2.02,1.91,2.02,1.9,2.16,1.94,2,1.88
I1,24/10/2021,11:30,Atalanta,Udinese,1,1,D,0,0,D,8,9,3,3,15,15,6,3,2,2,0,0,1.4,5,7.5,1.37,5.25,7.75,1.43,5.25,6.75,1.4,5.24,8.48,1.4,4.75,8,1.36,4.8,8.5,1.45,5.25,8.5,1.4,4.99,7.57,1.53,2.5,1.54,2.63,1.61,2.63,1.54,2.48,-1.25,1.9,2.03,1.87,2.07,1.95,2.07,1.88,2,1.36,5.25,7.5,1.37,5.25,7.75,1.4,5.25,7.25,1.41,5.24,7.97,1.36,5,8.5,1.33,5,9,1.42,5.5,9,1.39,5.08,7.67,1.53,2.5,1.55,2.61,1.59,2.72,1.53,2.52,-1.25,1.89,2.04,1.9,2.03,1.94,2.16,1.86,2.03
I1,24/10/2021,14:00,Fiorentina,Cagliari,3,0,H,2,0,H,21,3,5,1,11,15,4,1,0,2,0,0,1.65,4,5.25,1.7,4,4.6,1.67,4.1,4.8,1.68,4.12,5.29,1.7,3.9,5,1.65,3.8,5.25,1.73,4.2,5.29,1.68,3.99,4.93,1.72,2.1,1.77,2.15,1.79,2.21,1.73,2.13,-0.75,1.89,2.04,1.88,2.05,1.94,2.06,1.89,1.99,1.57,4.2,5.75,1.7,4,4.6,1.57,4.1,5.75,1.58,4.37,6.14,1.55,4,6.5,1.53,4,6.5,1.63,4.37,6.5,1.57,4.14,5.82,1.72,2.1,1.72,2.24,1.78,2.28,1.72,2.14,-1,2.01,1.92,2.01,1.92,2.08,2.05,1.98,1.89
I1,24/10/2021,14:00,Verona,Lazio,4,1,H,2,0,H,16,9,7,4,12,15,3,4,2,2,0,0,3.1,3.6,2.2,3.25,3.6,2.1,3.05,3.55,2.25,3.15,3.68,2.31,3.1,3.5,2.25,3.13,3.4,2.25,3.24,3.75,2.32,3.1,3.58,2.24,1.72,2.1,1.71,2.24,1.76,2.27,1.71,2.16,0.25,1.94,1.99,1.92,2,1.96,2.01,1.92,1.95,2.9,3.4,2.4,3.25,3.6,2.1,2.9,3.35,2.45,2.98,3.49,2.5,3,3.4,2.35,2.9,3.3,2.45,3.23,3.6,2.5,2.94,3.4,2.41,1.72,2.1,1.78,2.15,1.82,2.17,1.76,2.08,0.25,1.81,2.13,1.8,2.15,1.91,2.16,1.8,2.1
I1,24/10/2021,17:00,Roma,Napoli,0,0,D,0,0,D,13,11,1,3,14,10,7,4,4,1,0,0,2.87,3.5,2.4,2.6,3.5,2.55,2.8,3.45,2.5,2.95,3.52,2.5,2.88,3.5,2.38,2.9,3.4,2.38,3.04,3.78,2.5,2.86,3.51,2.43,1.66,2.2,1.69,2.28,1.74,2.34,1.67,2.22,0.25,1.81,2.13,1.79,2.15,1.85,2.16,1.79,2.09,3,3.4,2.35,2.6,3.5,2.55,2.9,3.45,2.4,3.05,3.53,2.43,2.9,3.5,2.4,2.9,3.4,2.38,3.12,3.71,2.5,2.92,3.46,2.41,1.61,2.3,1.66,2.35,1.72,2.38,1.66,2.24,0.25,1.81,2.13,1.84,2.1,1.86,2.15,1.79,2.11
I1,24/10/2021,19:45,Inter,Juventus,1,1,D,1,0,H,10,16,2,4,14,16,5,2,2,2,0,0,2.05,3.6,3.4,2,3.5,3.5,2.15,3.45,3.4,2.17,3.76,3.39,2.1,3.6,3.4,2.1,3.4,3.5,2.19,3.86,3.51,2.12,3.6,3.37,1.72,2.1,1.79,2.12,1.83,2.19,1.76,2.08,-0.25,1.85,2.08,1.88,2.04,1.88,2.12,1.85,2.04,2.05,3.6,3.5,2,3.5,3.5,2.1,3.45,3.6,2.13,3.52,3.72,2.1,3.6,3.4,2.05,3.4,3.7,2.23,3.9,3.75,2.08,3.53,3.56,1.8,2,1.83,2.08,1.91,2.15,1.81,2.03,-0.5,2.02,1.77,2.12,1.81,2.14,1.85,2.07,1.8
I1,26/10/2021,17:30,Spezia,Genoa,1,1,D,0,0,D,13,9,3,2,12,16,3,3,2,4,0,0,2.3,3.5,3,2.45,3.4,2.8,2.35,3.5,2.95,2.4,3.58,3.07,2.4,3.5,2.9,2.38,3.4,3,2.46,3.6,3.12,2.37,3.49,2.96,1.66,2.2,1.69,2.28,1.72,2.31,1.67,2.22,-0.25,2.07,1.86,2.07,1.86,2.1,1.88,2.06,1.83,2.2,3.6,3.1,2.45,3.4,2.8,2.25,3.55,3.1,2.25,3.6,3.34,2.2,3.5,3.2,2.25,3.5,3.13,2.37,3.68,3.34,2.26,3.52,3.11,1.66,2.2,1.67,2.32,1.7,2.47,1.65,2.27,-0.25,1.94,1.99,1.94,1.98,2.07,2.01,1.96,1.91
I1,26/10/2021,17:30,Venezia,Salernitana,1,2,A,1,0,H,8,21,4,7,17,13,4,5,3,3,1,0,1.95,3.4,4,2.1,3.3,3.6,1.95,3.45,3.95,1.98,3.55,4.21,2,3.4,3.9,1.95,3.3,4.2,2.05,3.56,4.23,1.98,3.44,4,2,1.8,2.06,1.85,2.09,1.86,2.03,1.81,-0.5,1.99,1.94,1.98,1.94,2.04,1.95,1.99,1.89,1.95,3.4,4,2.1,3.3,3.6,1.97,3.45,3.95,2,3.49,4.23,2,3.3,4,1.95,3.3,4.2,2.03,3.71,4.24,1.97,3.43,4,2,1.8,2.04,1.87,2.06,1.91,2,1.83,-0.5,2,1.93,2,1.93,2.02,1.94,1.99,1.89
I1,26/10/2021,19:45,Milan,Torino,1,0,H,1,0,H,10,12,2,2,14,21,2,5,3,3,0,0,1.6,4,5.5,1.55,4.2,5.75,1.63,4,5.5,1.67,3.99,5.74,1.61,4,5.5,1.62,3.8,5.75,1.79,4.2,6.09,1.64,3.94,5.47,1.72,2.1,1.76,2.17,1.82,2.2,1.75,2.11,-0.75,1.85,2.08,1.85,2.08,1.86,2.11,1.83,2.06,1.65,3.9,5.25,1.55,4.2,5.75,1.65,3.85,5.25,1.7,3.89,5.58,1.62,4,5.5,1.65,3.75,5.5,1.82,4,6.33,1.66,3.83,5.46,1.8,2,1.82,2.08,1.92,2.17,1.82,2.02,-0.75,1.89,2.04,1.91,2.02,1.91,2.14,1.85,2.03
I1,27/10/2021,17:30,Juventus,Sassuolo,1,2,A,0,1,A,14,8,3,4,21,15,4,4,1,5,0,0,1.44,4.75,6.5,1.47,4.5,6.5,1.45,4.9,6.5,1.43,5.15,7.5,1.44,4.6,7,1.4,4.75,7.5,1.48,5.15,7.5,1.44,4.84,6.83,1.53,2.5,1.53,2.66,1.56,2.66,1.51,2.55,-1.25,2,1.93,1.98,1.94,2.03,1.96,1.96,1.92,1.4,5,7,1.43,4.75,7,1.4,4.9,7.5,1.45,4.96,7.51,1.42,4.75,7.5,1.44,4.6,7,1.63,5.13,7.8,1.43,4.85,6.94,1.5,2.62,1.5,2.72,1.53,2.88,1.49,2.61,-1.25,1.94,1.99,1.96,1.96,2.02,2.12,1.94,1.94
I1,27/10/2021,17:30,Sampdoria,Atalanta,1,3,A,1,2,A,8,13,3,4,15,19,3,3,4,3,0,0,4.33,4.2,1.72,4.33,4,1.75,4.3,4.1,1.73,4.52,4.37,1.74,4.5,4,1.72,4.6,3.9,1.7,4.62,4.37,1.8,4.36,4.1,1.74,1.53,2.5,1.56,2.58,1.56,2.59,1.52,2.51,0.75,1.96,1.97,1.99,1.93,1.99,2,1.93,1.94,4,3.8,1.83,4,3.8,1.82,4.4,3.85,1.77,4.26,4.04,1.85,4.5,3.9,1.75,4.5,3.8,1.75,4.52,4.05,1.87,4.18,3.91,1.81,1.57,2.37,1.6,2.47,1.63,2.58,1.59,2.38,0.75,1.77,2.02,1.85,2.08,1.95,2.12,1.83,2.05
I1,27/10/2021,17:30,Udinese,Verona,1,1,D,1,0,H,16,5,5,2,13,12,7,4,1,2,0,0,2.4,3.4,2.9,2.4,3.3,2.87,2.5,3.35,2.85,2.53,3.32,3.08,2.5,3.3,2.9,2.4,3.2,3,2.55,3.48,3.08,2.47,3.3,2.93,1.9,1.9,1.92,1.98,1.97,1.98,1.91,1.9,-0.25,2.14,1.8,2.15,1.8,2.17,1.82,2.13,1.78,2.4,3.1,3.2,2.4,3.1,3.1,2.35,2.9,3.05,2.47,3.28,3.2,2.35,3.2,3.2,2.4,3,3.25,2.59,3.3,3.48,2.39,3.15,3.19,2.2,1.66,2.28,1.69,2.3,1.85,2.21,1.67,-0.25,2.09,1.84,2.11,1.83,2.24,1.9,2.07,1.82
I1,27/10/2021,19:45,Cagliari,Roma,1,2,A,0,0,D,7,22,5,3,16,16,2,10,3,4,0,0,5,4.2,1.61,5,4.2,1.61,4.8,4.2,1.65,5.15,4.3,1.67,5,4.2,1.63,5.25,4,1.62,5.3,4.34,1.68,4.94,4.18,1.65,1.57,2.37,1.62,2.43,1.65,2.45,1.58,2.38,0.75,2.08,1.85,2.08,1.85,2.11,1.88,2.04,1.83,6.5,4.75,1.45,6,4.5,1.49,6,4.7,1.5,6.74,4.72,1.5,7,4.5,1.47,7,4.5,1.44,7.23,4.86,1.65,6.31,4.5,1.49,1.53,2.5,1.56,2.58,1.63,2.72,1.56,2.43,1.25,1.84,2.09,1.86,2.08,1.95,2.13,1.83,2.06
I1,27/10/2021,19:45,Empoli,Inter,0,2,A,0,1,A,9,21,3,9,20,15,5,6,1,3,1,0,5.75,4.75,1.5,5.75,4.6,1.49,5.75,4.8,1.5,6.34,5.03,1.5,6,4.6,1.5,6.5,4.5,1.45,6.5,5.03,1.53,5.94,4.76,1.5,1.44,2.75,1.5,2.74,1.51,2.8,1.46,2.7,1,2.05,1.75,2.15,1.79,2.15,1.85,2.09,1.79,7,5,1.4,6.75,5,1.41,6.25,4.9,1.45,6.95,5.09,1.46,7,4.75,1.44,7.5,4.8,1.4,7.8,5.41,1.59,6.74,4.93,1.44,1.4,3,1.44,2.95,1.47,3.26,1.41,2.87,1.25,1.94,1.99,1.94,1.98,2.07,2.01,1.95,1.93
I1,27/10/2021,19:45,Lazio,Fiorentina,1,0,H,0,0,D,5,9,2,1,16,11,3,6,3,3,0,0,1.95,3.6,3.75,1.93,3.5,3.9,1.95,3.75,3.7,1.97,3.73,4.03,1.95,3.7,3.8,1.91,3.5,4,2,3.92,4.25,1.95,3.65,3.85,1.72,2.1,1.72,2.24,1.76,2.3,1.7,2.16,-0.5,1.98,1.95,1.97,1.95,2.01,1.98,1.96,1.92,1.83,3.75,4.33,1.83,3.7,4.2,1.83,3.8,4.1,1.83,3.89,4.55,1.8,3.6,4.6,1.8,3.7,4.4,1.95,3.95,4.82,1.84,3.74,4.26,1.66,2.2,1.67,2.33,1.77,2.39,1.67,2.21,-0.5,1.85,2.08,1.82,2.1,1.88,2.13,1.85,2.04
I1,28/10/2021,19:45,Napoli,Bologna,3,0,H,2,0,H,18,8,6,1,20,5,4,2,1,1,0,0,1.3,5.5,9.5,1.4,5,7.25,1.33,5.5,8.75,1.37,5.71,8.38,1.32,5.25,9.5,1.29,5.25,10.5,1.38,5.71,10.5,1.34,5.36,8.58,1.5,2.62,1.5,2.71,1.53,2.71,1.49,2.58,-1.5,1.97,1.96,1.96,1.96,2.02,1.99,1.95,1.91,1.22,6.5,12,1.22,6.5,13,1.3,5.75,9.5,1.25,6.46,12.95,1.24,6,13,1.22,6,15,1.4,7.21,15,1.25,6.23,11.75,1.5,2.62,1.51,2.66,1.52,2.85,1.49,2.61,-1.75,1.97,1.96,1.95,1.95,1.99,2.19,1.92,1.96
I1,30/10/2021,14:00,Atalanta,Lazio,2,2,D,1,1,D,17,8,3,5,13,13,6,2,1,3,0,0,1.9,3.8,3.8,1.9,3.9,3.6,1.95,3.75,3.7,1.91,4.15,3.85,1.91,3.8,3.75,1.9,3.7,3.9,2.04,4.15,3.9,1.93,3.89,3.68,1.57,2.37,1.56,2.57,1.64,2.57,1.57,2.42,-0.5,1.92,2.01,1.91,2.01,1.98,2.02,1.94,1.95,2,3.8,3.4,1.87,4.1,3.6,2.05,3.75,3.4,2.07,3.91,3.52,1.95,3.8,3.6,2,3.6,3.6,2.11,4.24,3.78,2.01,3.81,3.46,1.53,2.5,1.56,2.57,1.57,2.72,1.53,2.51,-0.5,2.07,1.86,2.07,1.86,2.1,1.99,2.04,1.85
I1,30/10/2021,17:00,Verona,Juventus,2,1,H,2,0,H,12,15,5,4,22,8,4,1,4,3,0,0,4,3.8,1.85,4.2,3.75,1.8,3.95,3.8,1.9,4.24,3.9,1.88,4.2,3.7,1.85,4.33,3.5,1.83,4.36,4,1.91,4.06,3.74,1.87,1.72,2.1,1.8,2.11,1.84,2.21,1.75,2.09,0.5,2.03,1.9,2.05,1.88,2.05,1.93,1.99,1.88,4.2,3.6,1.83,4.4,3.6,1.8,4.5,3.65,1.8,4.34,3.62,1.93,4.5,3.6,1.83,4.6,3.4,1.83,4.75,3.84,1.94,4.41,3.59,1.84,1.9,1.9,2.04,1.87,2.04,1.93,1.96,1.86,0.5,1.99,1.94,1.99,1.93,2.08,1.94,2.01,1.86
I1,30/10/2021,19:45,Torino,Sampdoria,3,0,H,1,0,H,16,5,6,1,19,8,4,5,2,4,0,1,1.9,3.75,3.8,1.9,3.7,3.9,1.9,3.75,3.85,1.93,3.82,4.11,1.91,3.6,4,1.9,3.5,4.1,1.98,3.88,4.11,1.92,3.67,3.93,1.72,2.1,1.81,2.1,1.83,2.2,1.75,2.09,-0.5,1.94,1.99,1.93,1.99,1.98,2,1.92,1.94,1.8,3.6,4.5,1.82,3.7,4.2,1.8,3.7,4.5,1.83,3.73,4.82,1.83,3.6,4.4,1.75,3.5,4.8,1.89,3.75,4.9,1.81,3.62,4.51,1.9,1.9,1.91,2,1.94,2.07,1.86,1.95,-0.5,1.75,2.05,1.81,2.11,1.85,2.15,1.81,2.05
I1,31/10/2021,11:30,Inter,Udinese,2,0,H,0,0,D,15,9,6,5,9,11,6,4,0,2,0,0,1.36,5,8.5,1.36,4.8,8.75,1.35,5.25,8.25,1.35,5.29,10.46,1.33,5,10,1.3,5,10.5,1.37,5.6,10.5,1.34,5.06,9.38,1.57,2.37,1.61,2.45,1.66,2.45,1.6,2.34,-1.5,2.04,1.89,2.07,1.87,2.07,1.9,2.01,1.85,1.36,4.75,9.5,1.3,5.25,11,1.37,4.8,8.75,1.36,5.36,9.69,1.33,5,10,1.33,5,10,1.39,5.5,11,1.35,5.12,8.91,1.57,2.37,1.6,2.48,1.64,2.58,1.59,2.37,-1.5,2.09,1.84,2.09,1.85,2.11,1.94,2.04,1.83
I1,31/10/2021,14:00,Fiorentina,Spezia,3,0,H,1,0,H,27,3,12,0,9,20,7,4,4,3,0,0,1.53,4.5,5.75,1.55,4.33,5.75,1.55,4.4,5.5,1.56,4.56,6,1.53,4.2,6.5,1.5,4.2,6.5,1.59,4.58,6.5,1.54,4.36,5.82,1.61,2.3,1.63,2.4,1.66,2.43,1.61,2.32,-1,1.94,1.99,1.93,1.99,1.97,2,1.91,1.95,1.65,4,5,1.62,4.2,5,1.65,4.1,5,1.68,4.08,5.46,1.62,4.33,5,1.62,3.9,5.5,1.71,4.33,5.51,1.64,4.1,5.09,1.66,2.2,1.67,2.33,1.69,2.39,1.64,2.26,-1,2.08,1.73,2.18,1.76,2.21,1.94,2.11,1.77
I1,31/10/2021,14:00,Genoa,Venezia,0,0,D,0,0,D,19,6,4,2,13,13,12,4,1,3,0,0,2.05,3.4,3.75,2,3.4,3.8,2.05,3.45,3.65,2.09,3.58,3.77,2.05,3.5,3.6,2,3.4,3.8,2.11,3.7,3.86,2.04,3.5,3.67,1.9,1.9,2.03,1.88,2.04,1.91,1.96,1.85,-0.5,2.06,1.87,2.09,1.85,2.1,1.9,2.03,1.83,2,3.5,3.75,1.98,3.5,3.75,1.95,3.55,3.85,2.03,3.57,3.99,2,3.4,3.9,1.93,3.4,4.1,2.09,3.6,4.1,1.99,3.48,3.84,1.9,1.9,1.9,2.01,1.99,2.02,1.88,1.94,-0.5,2.02,1.91,2.03,1.89,2.05,1.96,1.99,1.88
I1,31/10/2021,14:00,Sassuolo,Empoli,1,2,A,1,0,H,15,14,5,6,16,12,4,6,4,2,0,0,1.75,4.1,4.2,1.75,4,4.33,1.75,4.2,4.2,1.77,4.27,4.47,1.8,3.9,4.2,1.73,3.9,4.5,1.8,4.3,4.5,1.76,4.08,4.27,1.44,2.75,1.51,2.69,1.53,2.75,1.48,2.63,-0.75,1.99,1.94,1.96,1.96,2.01,1.96,1.96,1.91,1.66,4.2,4.5,1.66,4.2,4.6,1.73,4.3,4.2,1.75,4.32,4.52,1.7,4,4.75,1.7,4,4.6,1.75,4.51,5,1.7,4.22,4.43,1.4,3,1.45,2.9,1.49,3,1.43,2.82,-0.75,1.94,1.99,1.93,1.99,1.96,2.01,1.91,1.97
I1,31/10/2021,17:00,Salernitana,Napoli,0,1,A,0,0,D,9,18,3,3,11,13,4,4,0,2,1,1,10,5.5,1.3,9.5,5.25,1.33,9.5,5.5,1.33,9.81,5.59,1.34,11,5.25,1.3,12,5.75,1.25,12,5.82,1.34,9.93,5.46,1.31,1.53,2.5,1.58,2.51,1.58,2.55,1.55,2.44,1.5,2.01,1.92,1.96,1.96,2.02,1.96,1.97,1.91,10,5.5,1.3,10.5,5.5,1.29,9.5,5.5,1.3,10.12,5.52,1.34,10,5.5,1.28,11,5.25,1.29,11.66,6.16,1.34,9.85,5.47,1.31,1.57,2.37,1.59,2.5,1.6,2.61,1.56,2.42,1.5,1.95,1.98,1.94,1.98,2.15,2,1.97,1.91
I1,31/10/2021,19:45,Roma,Milan,1,2,A,0,1,A,24,8,6,3,19,13,6,2,4,7,0,1,2.3,3.5,3,2.25,3.5,3,2.3,3.5,3,2.29,3.78,3.11,2.35,3.4,3,2.3,3.4,3,2.45,3.78,3.11,2.33,3.52,2.96,1.72,2.1,1.72,2.24,1.81,2.32,1.71,2.15,-0.25,2.02,1.91,2,1.93,2.09,1.93,2.02,1.85,2.3,3.4,3.1,2.25,3.5,3,2.35,3.45,3,2.35,3.46,3.26,2.3,3.5,3,2.3,3.4,3.1,2.44,3.77,3.31,2.31,3.49,3.04,1.72,2.1,1.78,2.14,1.83,2.28,1.75,2.1,-0.25,2.02,1.91,2.02,1.91,2.16,1.95,2.02,1.86
I1,01/11/2021,19:45,Bologna,Cagliari,2,0,H,0,0,D,8,9,3,2,11,9,5,2,3,2,0,1,1.8,3.6,4.5,1.82,3.8,4.1,1.85,3.7,4.2,1.81,3.84,4.75,1.83,3.6,4.4,1.8,3.6,4.4,1.91,3.89,4.75,1.83,3.69,4.36,1.66,2.2,1.69,2.28,1.72,2.31,1.67,2.2,-0.5,1.75,2.05,1.8,2.13,1.89,2.13,1.82,2.04,1.65,4,5.25,1.68,3.8,5,1.67,3.85,5,1.71,4,5.24,1.66,3.8,5.25,1.65,3.9,5.25,1.72,4.18,5.73,1.67,3.92,5.08,1.66,2.2,1.7,2.27,1.74,2.37,1.67,2.21,-0.75,1.92,2.01,1.93,2,1.93,2.15,1.88,2
I1,05/11/2021,19:45,Empoli,Genoa,2,2,D,0,1,A,10,15,2,7,8,21,4,5,0,4,0,0,2.1,3.75,3.2,2.1,3.7,3.25,2.1,3.65,3.3,2.17,3.78,3.37,2.15,3.5,3.3,2.1,3.5,3.4,2.2,3.82,3.42,2.13,3.68,3.3,1.61,2.3,1.67,2.33,1.71,2.36,1.65,2.26,-0.25,1.86,2.04,1.88,2.04,1.91,2.08,1.86,2.02,2.1,3.5,3.4,2.1,3.5,3.3,2.15,3.45,3.35,2.2,3.56,3.5,2.1,3.6,3.4,2.1,3.4,3.5,2.24,3.86,3.51,2.15,3.49,3.38,1.72,2.1,1.79,2.12,1.84,2.21,1.76,2.08,-0.25,1.88,2.02,1.89,2.03,1.94,2.06,1.87,2
I1,06/11/2021,14:00,Spezia,Torino,1,0,H,0,0,D,7,9,3,1,15,17,2,3,3,3,0,0,3.6,3.6,2,3.6,3.5,2,3.45,3.55,2.1,3.73,3.64,2.08,3.6,3.5,2.05,3.6,3.4,2.05,3.75,3.72,2.12,3.56,3.56,2.07,1.72,2.1,1.78,2.14,1.85,2.14,1.77,2.07,0.25,2.05,1.75,2.14,1.79,2.14,1.84,2.08,1.8,3.5,3.4,2.1,3.3,3.4,2.15,3.3,3.5,2.15,3.46,3.47,2.25,3.4,3.4,2.15,3.4,3.3,2.2,3.9,3.56,2.28,3.42,3.42,2.17,1.9,1.9,1.88,2.03,1.93,2.07,1.84,1.98,0.25,1.98,1.92,1.99,1.93,2.07,1.96,1.98,1.9
I1,06/11/2021,17:00,Juventus,Fiorentina,1,0,H,0,0,D,13,6,3,1,15,15,5,5,2,4,0,1,1.57,4.2,5.5,1.61,3.9,5.5,1.6,4.1,5.5,1.64,4.06,5.91,1.6,4,5.8,1.57,3.9,6,1.67,4.4,6,1.62,4.02,5.59,1.72,2.1,1.77,2.15,1.79,2.21,1.73,2.12,-1,2.07,1.83,2.11,1.83,2.15,1.89,2.07,1.81,1.61,3.8,5.75,1.66,3.8,5.25,1.67,3.8,5.25,1.7,3.78,5.83,1.61,3.9,5.8,1.67,3.7,5.5,1.75,3.97,6.33,1.68,3.76,5.43,1.9,1.9,1.93,1.98,1.94,2.17,1.85,1.97,-0.75,1.9,2,1.91,2.01,1.93,2.17,1.88,1.99
I1,06/11/2021,19:45,Cagliari,Atalanta,1,2,A,1,2,A,7,21,1,8,11,9,2,7,1,1,0,0,6,4.5,1.5,5.5,4.6,1.53,6,4.6,1.5,6.1,4.65,1.55,6.5,4.5,1.47,7,4.5,1.45,7,4.9,1.57,6.09,4.53,1.51,1.53,2.5,1.53,2.64,1.58,2.69,1.5,2.57,1,2.08,1.73,2.08,1.85,2.13,1.89,2.05,1.83,6.5,4.75,1.44,6,4.6,1.5,6,4.6,1.5,6.2,4.58,1.55,6,4.6,1.5,6.5,4.1,1.53,7.22,5.35,1.57,6.37,4.56,1.49,1.61,2.3,1.64,2.39,1.67,2.5,1.6,2.33,1.25,1.89,2.01,1.76,2.2,1.91,2.2,1.82,2.06
I1,07/11/2021,11:30,Venezia,Roma,3,2,H,1,2,A,13,27,7,10,12,18,4,11,2,2,0,0,5.75,4.5,1.53,5.25,4.5,1.55,5.75,4.4,1.55,5.92,4.61,1.56,6,4.33,1.53,6.5,4.2,1.5,6.5,4.61,1.58,5.89,4.41,1.54,1.66,2.2,1.7,2.27,1.71,2.34,1.66,2.24,1,1.96,1.94,1.99,1.93,2,1.96,1.95,1.92,5.25,3.9,1.65,5.5,3.8,1.62,5.25,3.95,1.65,5.26,3.87,1.68,5.5,4,1.62,5.75,3.8,1.62,5.76,4.3,1.74,5.25,3.87,1.66,1.8,2,1.83,2.07,1.88,2.15,1.79,2.04,0.75,1.97,1.93,1.98,1.94,2.14,1.95,2,1.87
I1,07/11/2021,14:00,Sampdoria,Bologna,1,2,A,0,0,D,10,14,4,7,14,12,6,5,4,1,0,0,2.37,3.6,2.87,2.35,3.5,2.9,2.4,3.5,2.9,2.45,3.57,2.99,2.38,3.6,2.88,2.38,3.4,2.9,2.48,3.8,3.05,2.4,3.53,2.9,1.72,2.1,1.74,2.21,1.76,2.31,1.69,2.18,-0.25,2.09,1.81,2.12,1.83,2.14,1.85,2.09,1.8,2.75,3.3,2.6,2.7,3.3,2.55,2.5,3.3,2.9,2.85,3.27,2.74,2.7,3.4,2.62,2.63,3.25,2.75,2.87,3.62,2.9,2.72,3.28,2.67,1.9,1.9,1.92,1.99,1.93,2.07,1.85,1.97,0,1.99,1.91,2,1.93,2.04,2,1.95,1.93
I1,07/11/2021,14:00,Udinese,Sassuolo,3,2,H,2,2,D,13,10,2,4,14,15,1,5,3,3,1,0,2.4,3.5,2.8,2.4,3.5,2.75,2.4,3.5,2.9,2.4,3.59,3.05,2.38,3.4,3,2.38,3.3,3,2.52,3.61,3.05,2.39,3.49,2.92,1.72,2.1,1.81,2.1,1.83,2.15,1.77,2.08,-0.25,2.07,1.83,2.08,1.85,2.13,1.85,2.06,1.82,2.15,3.5,3.3,2.2,3.5,3.2,2.3,3.3,3.25,2.22,3.54,3.45,2.2,3.3,3.4,2.25,3.3,3.25,2.35,3.6,3.66,2.23,3.45,3.24,1.8,2,1.82,2.08,1.86,2.17,1.78,2.05,-0.25,1.9,2,1.92,2.01,2.02,2.02,1.93,1.95
I1,07/11/2021,17:00,Lazio,Salernitana,3,0,H,2,0,H,16,5,5,0,7,14,5,1,1,2,0,0,1.3,5.5,9.5,1.32,5.5,9,1.3,5.5,10,1.33,5.96,9.59,1.3,5.5,10,1.29,5.25,10.5,1.34,6,10.5,1.31,5.6,9.32,1.53,2.5,1.55,2.6,1.56,2.6,1.53,2.51,-1.5,1.95,1.95,1.98,1.94,1.98,1.99,1.92,1.94,1.28,5.75,9.5,1.3,5.75,9.5,1.3,5.75,10,1.31,5.93,10.79,1.3,5.5,10,1.3,5.25,10.5,1.32,6.33,11,1.3,5.77,9.93,1.57,2.37,1.57,2.56,1.6,2.58,1.55,2.45,-1.5,1.91,1.99,1.93,2,1.94,2.14,1.88,1.99
I1,07/11/2021,17:00,Napoli,Verona,1,1,D,1,1,D,16,11,1,3,16,19,3,2,2,7,0,2,1.36,5,8,1.38,5,7.5,1.37,5.25,8.25,1.41,5.14,8.04,1.38,4.75,8.5,1.36,4.75,8.5,1.42,5.25,9,1.39,4.95,7.84,1.57,2.37,1.59,2.49,1.64,2.5,1.58,2.38,-1.25,1.9,2,1.93,2,1.94,2.04,1.89,1.98,1.45,4.5,7,1.43,4.75,7,1.4,4.9,7.5,1.46,4.91,7.31,1.42,4.5,8,1.4,4.6,8,1.47,5.1,8.25,1.43,4.77,7.24,1.61,2.3,1.62,2.43,1.65,2.58,1.59,2.35,-1.25,2.03,1.87,2.05,1.88,2.05,2.05,1.98,1.89
I1,07/11/2021,19:45,Milan,Inter,1,1,D,1,1,D,16,13,4,3,16,11,4,8,1,0,0,0,3.25,3.5,2.15,3.1,3.7,2.1,3.15,3.55,2.2,3.33,3.73,2.21,3.2,3.6,2.2,3.2,3.4,2.2,3.33,3.86,2.34,3.14,3.6,2.22,1.66,2.2,1.69,2.28,1.75,2.32,1.67,2.21,0.25,1.98,1.92,2.01,1.92,2.01,1.99,1.92,1.94,3.5,3.6,2.05,3.5,3.5,2.05,3.45,3.35,2.15,3.59,3.52,2.17,3.5,3.4,2.15,3.6,3.5,2.05,3.65,3.95,2.23,3.47,3.51,2.12,1.72,2.1,1.74,2.2,1.8,2.28,1.71,2.15,0.25,2.05,1.85,2.06,1.87,2.13,1.96,2.03,1.85
I1,20/11/2021,14:00,Atalanta,Spezia,5,2,H,3,1,H,18,10,9,5,10,11,0,6,2,3,0,0,1.25,6.5,9.5,1.29,6,9,1.25,6.5,10,1.27,6.64,10.89,1.25,6,12,1.25,6.5,10.5,1.29,6.8,12,1.26,6.48,10.39,1.36,3.2,1.39,3.13,1.41,3.27,1.37,3.08,-1.75,1.88,2.02,1.86,2.05,1.92,2.05,1.87,2,1.25,6.5,10,1.25,6.5,10.5,1.27,6.25,10,1.27,6.5,11.5,1.25,6,12,1.25,6,10.5,1.3,7,12,1.26,6.33,10.7,1.44,2.75,1.44,2.92,1.47,2.99,1.43,2.83,-1.75,1.99,1.91,1.98,1.93,2.03,2.05,1.96,1.92
I1,20/11/2021,17:00,Lazio,Juventus,0,2,A,0,1,A,8,11,1,5,12,15,3,2,3,1,0,0,3,3.4,2.35,3,3.4,2.3,3,3.4,2.35,3.16,3.43,2.42,3.1,3.3,2.35,3.1,3.2,2.38,3.18,3.65,2.48,3.04,3.41,2.35,1.94,1.96,1.94,1.96,1.99,2.05,1.88,1.95,0.25,1.85,2.05,1.86,2.07,1.87,2.09,1.84,2.04,2.87,3.25,2.5,2.9,3.25,2.45,2.9,3.25,2.5,3.01,3.31,2.58,3,3.25,2.45,2.9,3.2,2.5,3.2,3.4,2.66,2.93,3.25,2.51,2.01,1.89,1.99,1.92,2.06,2.07,1.95,1.87,0.25,1.7,2.1,1.76,2.2,1.86,2.21,1.75,2.15
I1,20/11/2021,19:45,Fiorentina,Milan,4,3,H,2,0,H,9,17,5,7,6,10,5,6,1,1,0,0,3.1,3.5,2.25,3.1,3.5,2.2,3.15,3.5,2.25,3.27,3.51,2.32,3.1,3.5,2.25,3.25,3.25,2.25,3.3,3.63,2.33,3.16,3.48,2.26,1.87,2.03,1.86,2.05,1.92,2.05,1.84,1.98,0.25,1.92,1.98,1.93,2,1.98,2.02,1.9,1.97,2.9,3.4,2.4,2.9,3.3,2.4,2.85,3.4,2.45,3.33,3.42,2.33,3,3.4,2.38,2.9,3.4,2.45,3.33,3.48,2.63,2.95,3.35,2.46,1.8,2,1.79,2.12,1.85,2.17,1.78,2.05,0.25,1.78,2.13,1.93,2,1.93,2.26,1.78,2.12
I1,21/11/2021,11:30,Sassuolo,Cagliari,2,2,D,1,1,D,20,11,4,4,13,10,6,5,1,2,0,0,1.6,4.2,5.25,1.6,4.33,5,1.63,4.3,4.8,1.69,4.27,5.03,1.63,4.2,5,1.62,4,5.25,1.7,4.49,5.75,1.65,4.23,4.95,1.57,2.37,1.64,2.4,1.66,2.45,1.59,2.35,-0.75,1.84,2.06,1.86,2.07,1.87,2.09,1.83,2.05,1.55,4.33,6,1.6,4.33,5,1.57,4.4,5.25,1.58,4.5,5.89,1.6,4.2,5.25,1.55,4.2,5.75,1.65,4.71,6,1.59,4.33,5.37,1.53,2.5,1.55,2.62,1.57,2.72,1.52,2.51,-1,1.93,1.97,1.95,1.97,2.04,2.14,1.96,1.91
I1,21/11/2021,14:00,Bologna,Venezia,0,1,A,0,0,D,22,8,6,6,6,9,17,0,0,3,0,0,1.61,4,5.5,1.65,4,5,1.63,4.1,5.25,1.65,4.16,5.65,1.62,4,5.5,1.62,3.8,5.75,1.69,4.34,5.75,1.64,4.05,5.27,1.72,2.1,1.75,2.19,1.8,2.19,1.74,2.09,-0.75,1.82,2.08,1.81,2.12,1.87,2.13,1.82,2.07,1.65,3.8,5.25,1.65,3.75,5.5,1.7,3.85,5,1.7,3.9,5.54,1.63,3.9,5.5,1.65,3.7,5.5,1.72,4.14,5.87,1.67,3.85,5.33,1.9,2,1.91,2,1.95,2.08,1.85,1.97,-0.75,1.91,1.99,1.91,2.01,1.94,2.12,1.87,2.01
I1,21/11/2021,14:00,Salernitana,Sampdoria,0,2,A,0,2,A,18,13,2,6,10,19,13,3,0,3,0,0,3.1,3.25,2.37,2.95,3.3,2.4,3,3.3,2.4,3.16,3.35,2.45,3.1,3.2,2.4,3,3.2,2.4,3.3,3.5,2.48,3.07,3.29,2.41,1.97,1.93,1.96,1.93,2.01,1.95,1.94,1.88,0.25,1.8,2.1,1.84,2.1,1.85,2.13,1.81,2.07,2.8,3.3,2.5,2.9,3.3,2.4,2.8,3.35,2.55,2.99,3.34,2.58,3,3.2,2.5,2.8,3.3,2.55,3.11,3.5,2.61,2.89,3.29,2.51,1.72,2.1,1.8,2.11,1.87,2.26,1.78,2.05,0,2.04,1.86,2.12,1.83,2.14,1.88,2.07,1.82
I1,21/11/2021,17:00,Inter,Napoli,3,2,H,2,1,H,17,9,7,3,15,16,4,1,4,3,0,0,2.2,3.5,3.25,2.2,3.4,3.25,2.25,3.5,3.15,2.3,3.49,3.32,2.25,3.4,3.25,2.2,3.3,3.3,2.33,3.59,3.42,2.25,3.45,3.22,1.72,2.1,1.83,2.08,1.83,2.16,1.76,2.06,-0.25,1.96,1.94,1.98,1.94,1.99,1.97,1.95,1.92,2.1,3.6,3.4,2.2,3.4,3.25,2.3,3.35,3.15,2.34,3.34,3.39,2.2,3.6,3.2,2.25,3.3,3.25,2.34,3.89,3.45,2.25,3.41,3.27,1.8,2,1.84,2.06,1.87,2.15,1.78,2.05,-0.25,1.95,1.95,2,1.93,2.01,1.97,1.95,1.93
I1,21/11/2021,19:45,Genoa,Roma,0,2,A,0,0,D,1,19,1,4,13,13,1,2,3,2,0,0,4.75,3.9,1.7,4.8,4.1,1.65,4.5,4.1,1.7,4.89,4.27,1.71,4.75,4,1.7,5,3.8,1.67,5.04,4.33,1.76,4.74,4.09,1.69,1.61,2.3,1.63,2.4,1.67,2.41,1.61,2.31,0.75,1.99,1.91,2.02,1.9,2.05,1.95,1.98,1.89,4.5,4,1.72,4.5,4,1.72,3.9,3.75,1.75,4.41,4.01,1.83,4.75,3.8,1.73,4.8,3.75,1.73,4.94,4.3,1.83,4.41,3.98,1.76,1.57,2.37,1.59,2.5,1.64,2.55,1.57,2.4,0.75,1.87,2.03,1.88,2.05,2,2.06,1.9,1.98
I1,22/11/2021,17:30,Verona,Empoli,2,1,H,0,0,D,22,9,5,4,7,13,1,3,1,3,0,0,1.7,4,4.5,1.73,3.9,4.5,1.75,4.1,4.3,1.79,4,4.64,1.73,4,4.5,1.73,3.8,4.6,1.82,4.28,4.7,1.76,3.99,4.39,1.57,2.37,1.62,2.44,1.66,2.44,1.59,2.34,-0.75,1.98,1.92,2.02,1.91,2.02,1.96,1.97,1.9,1.72,3.8,4.75,1.68,3.8,5,1.73,3.9,4.6,1.76,3.93,4.98,1.7,3.9,4.8,1.7,3.75,5,1.81,4,5.22,1.74,3.82,4.74,1.72,2.1,1.76,2.17,1.8,2.26,1.73,2.12,-0.75,1.97,1.93,1.97,1.95,2.04,2.05,1.96,1.92
I1,22/11/2021,19:45,Torino,Udinese,2,1,H,1,0,H,14,18,4,7,19,17,4,7,1,3,0,0,2.05,3.4,3.7,2.05,3.25,3.8,2.1,3.3,3.7,2.11,3.45,3.88,2.05,3.3,3.8,2.05,3.13,4,2.2,3.52,4,2.09,3.32,3.74,2.2,1.66,2.21,1.74,2.27,1.75,2.16,1.7,-0.25,1.75,2.05,1.8,2.13,1.85,2.14,1.79,2.08,2.1,3.2,3.8,2.1,3.2,3.75,2.15,3.25,3.65,2.19,3.23,3.89,2.1,3.2,3.9,2.15,3.1,3.75,2.2,3.4,4.2,2.12,3.22,3.8,2.2,1.66,2.26,1.7,2.29,1.78,2.19,1.69,-0.25,1.86,2.04,1.86,2.07,1.88,2.17,1.83,2.06
I1,26/11/2021,19:45,Cagliari,Salernitana,1,1,D,0,0,D,19,8,3,2,13,10,7,6,3,1,0,0,1.83,3.6,4.33,1.78,3.6,4.6,1.83,3.5,4.6,1.87,3.65,4.65,1.83,3.5,4.5,1.85,3.3,4.75,1.91,3.8,4.78,1.85,3.53,4.49,2,1.8,2.15,1.78,2.16,1.82,2.07,1.76,-0.5,1.87,2.06,1.87,2.06,1.89,2.06,1.86,2.02,1.8,3.5,4.75,1.82,3.5,4.5,1.8,3.5,4.7,1.87,3.55,4.88,1.8,3.5,4.75,1.8,3.4,4.8,1.9,3.7,4.9,1.84,3.48,4.62,2,1.8,2.1,1.83,2.21,1.91,2.07,1.77,-0.5,1.84,2.06,1.87,2.07,1.89,2.09,1.85,2.03
I1,27/11/2021,14:00,Empoli,Fiorentina,2,1,H,0,0,D,17,16,5,7,15,10,8,5,1,1,0,0,3.4,3.4,2.15,3.7,3.6,1.95,3.4,3.6,2.1,3.59,3.59,2.15,3.5,3.6,2.05,3.6,3.4,2.05,3.7,3.9,2.15,3.49,3.57,2.09,1.72,2.1,1.76,2.17,1.76,2.27,1.69,2.17,0.5,1.73,2.08,1.79,2.14,1.89,2.15,1.79,2.1,3.75,3.6,1.95,3.5,3.8,1.95,3.9,3.4,2,3.98,3.81,1.96,3.9,3.6,1.95,3.75,3.6,1.95,4.14,3.86,2.1,3.79,3.67,1.96,1.66,2.2,1.72,2.24,1.76,2.37,1.69,2.17,0.5,1.93,1.97,1.96,1.96,1.97,2.01,1.92,1.97
I1,27/11/2021,14:00,Sampdoria,Verona,3,1,H,0,1,A,15,14,5,3,13,16,4,5,4,1,0,0,2.9,3.5,2.37,2.85,3.4,2.45,2.85,3.4,2.45,2.97,3.4,2.56,2.9,3.25,2.5,2.88,3.25,2.5,3,3.5,2.6,2.88,3.36,2.49,1.88,2.02,1.9,2,1.93,2.08,1.84,1.98,0,2.11,1.82,2.12,1.83,2.12,1.84,2.09,1.8,2.87,3.4,2.4,2.8,3.4,2.4,2.8,3.4,2.5,2.93,3.36,2.61,2.9,3.4,2.45,2.8,3.3,2.55,3.17,3.49,2.62,2.85,3.35,2.51,1.87,2.03,1.88,2.04,1.88,2.19,1.78,2.05,0,2.06,1.84,2.09,1.85,2.12,1.86,2.07,1.83
I1,27/11/2021,17:00,Juventus,Atalanta,0,1,A,0,1,A,15,7,2,1,13,20,6,4,4,5,0,0,2.2,3.5,3.25,2.1,3.5,3.3,2.15,3.55,3.25,2.24,3.55,3.41,2.15,3.4,3.4,2.1,3.4,3.4,2.29,3.65,3.54,2.18,3.49,3.33,1.72,2.1,1.78,2.15,1.79,2.3,1.71,2.13,-0.25,1.91,2.02,1.93,2,1.94,2.05,1.89,1.99,2.05,3.6,3.5,2,3.5,3.6,2.1,3.5,3.45,2.16,3.58,3.57,2.05,3.4,3.7,2.1,3.4,3.5,2.18,3.75,3.84,2.08,3.57,3.54,1.72,2.1,1.71,2.26,1.75,2.26,1.7,2.15,-0.25,1.84,2.06,1.86,2.07,1.87,2.2,1.81,2.08
I1,27/11/2021,19:45,Venezia,Inter,0,2,A,0,1,A,6,27,1,11,9,4,3,9,2,0,0,0,8,5,1.36,7.75,4.75,1.4,8.25,4.6,1.4,9.03,4.89,1.41,8.5,4.75,1.38,8.5,4.75,1.36,9.03,5.2,1.44,8.18,4.84,1.39,1.66,2.2,1.68,2.3,1.69,2.42,1.62,2.29,1.25,2.02,1.91,2.02,1.91,2.04,1.94,1.99,1.89,9,5.25,1.33,8.5,5,1.36,8.75,4.9,1.37,9.44,5.42,1.36,9,5,1.35,10,5,1.33,10,5.6,1.39,8.84,5.15,1.35,1.57,2.37,1.58,2.52,1.64,2.55,1.57,2.4,1.5,1.89,2.01,1.9,2.02,2,2.09,1.86,2.02
I1,28/11/2021,11:30,Udinese,Genoa,0,0,D,0,0,D,17,8,3,2,18,11,8,1,3,4,0,0,1.75,3.6,4.75,1.77,3.6,4.6,1.8,3.65,4.5,1.85,3.58,4.88,1.78,3.5,5,1.75,3.5,5,1.88,3.75,5,1.81,3.56,4.66,2.03,1.87,2.05,1.86,2.05,1.91,1.98,1.84,-0.75,2.06,1.87,2.09,1.83,2.13,1.88,2.06,1.83,1.65,3.75,5.5,1.63,3.9,5.5,1.7,3.8,5.25,1.69,3.77,5.92,1.67,3.7,5.5,1.67,3.6,5.75,1.74,3.94,5.92,1.68,3.74,5.46,2.01,1.89,2.02,1.89,2.05,2.07,1.94,1.88,-0.75,1.92,1.98,1.92,2.01,1.92,2.05,1.89,1.98
I1,28/11/2021,14:00,Milan,Sassuolo,1,3,A,1,2,A,15,15,2,5,15,7,7,6,4,2,1,0,1.53,4.5,5.5,1.55,4.33,5.75,1.57,4.2,5.75,1.59,4.59,5.59,1.55,4.33,5.8,1.53,4.2,6,1.65,4.68,6,1.57,4.4,5.37,1.53,2.5,1.53,2.65,1.57,2.66,1.52,2.52,-1,1.97,1.96,1.96,1.96,2.07,1.98,1.96,1.91,1.45,4.75,6.5,1.5,4.5,6,1.45,4.6,6.75,1.47,4.94,6.66,1.47,4.6,6.5,1.44,4.75,7,1.5,5.1,7.15,1.46,4.84,6.46,1.44,2.75,1.48,2.8,1.52,2.96,1.46,2.69,-1.25,2,1.9,2.05,1.88,2.06,2.01,1.99,1.88
I1,28/11/2021,14:00,Spezia,Bologna,0,1,A,0,0,D,13,17,5,5,16,12,3,6,3,1,0,0,3,3.5,2.3,2.9,3.4,2.35,3,3.45,2.35,3.26,3.52,2.32,3,3.4,2.35,3.1,3.3,2.3,3.26,3.68,2.42,3.05,3.44,2.31,1.72,2.1,1.8,2.11,1.85,2.21,1.76,2.07,0.25,1.9,2.03,1.93,2,1.93,2.05,1.87,2,3.2,3.4,2.25,3.1,3.4,2.25,3.1,3.4,2.3,3.36,3.35,2.35,3.2,3.3,2.3,3.2,3.3,2.3,3.37,3.47,2.4,3.2,3.33,2.32,1.85,2.05,1.88,2.03,1.88,2.15,1.83,2,0.25,1.91,1.99,1.92,2.01,1.96,2.04,1.88,2
I1,28/11/2021,17:00,Roma,Torino,1,0,H,1,0,H,10,17,2,3,7,11,2,9,2,1,0,0,1.72,4,4.5,1.66,4.1,4.6,1.67,3.95,4.9,1.74,4.12,4.85,1.7,3.8,5,1.67,3.7,5.25,1.76,4.2,5.25,1.71,3.98,4.69,1.8,2,1.83,2.07,1.86,2.12,1.78,2.04,-0.75,1.95,1.98,1.94,1.98,1.97,1.98,1.92,1.95,1.7,4,4.7,1.75,3.8,4.5,1.77,3.8,4.5,1.83,3.72,4.8,1.75,3.75,4.75,1.75,3.6,4.75,1.85,4.11,5.15,1.78,3.81,4.5,1.8,2,1.93,1.98,1.93,2.21,1.77,2.07,-0.75,2.06,1.84,2.08,1.85,2.12,1.95,2.02,1.85
I1,28/11/2021,19:45,Napoli,Lazio,4,0,H,3,0,H,18,6,8,2,9,14,1,3,2,4,0,0,1.8,3.8,4.33,1.78,3.8,4.2,1.8,3.85,4.3,1.83,3.9,4.54,1.78,3.75,4.5,1.75,3.7,4.6,1.86,4.09,4.75,1.8,3.79,4.33,1.66,2.2,1.69,2.29,1.71,2.31,1.65,2.21,-0.75,2.07,1.86,2.07,1.87,2.11,1.91,2.04,1.84,1.75,3.8,4.33,1.78,3.8,4.2,1.83,3.8,4.2,1.93,3.63,4.34,1.83,3.7,4.33,1.87,3.6,4.1,2,3.99,4.82,1.86,3.73,4.15,1.66,2.2,1.7,2.26,1.73,2.37,1.67,2.2,-0.5,1.95,1.98,1.93,1.99,2,2.11,1.89,1.99
I1,30/11/2021,17:30,Atalanta,Venezia,4,0,H,2,0,H,19,8,6,4,11,9,4,2,0,1,0,0,1.22,6,12,1.24,6,12.5,1.25,6.25,11,1.24,6.43,14.96,1.24,5.8,15,1.22,6,15,1.27,6.55,15,1.24,6.25,12.62,1.53,2.5,1.53,2.61,1.55,2.7,1.5,2.57,-1.75,1.94,1.99,1.93,1.98,1.98,2.01,1.93,1.94,1.25,6,11,1.25,6,12,1.27,6,11,1.28,6,13,1.25,5.8,13,1.22,5.75,15,1.31,6.27,15,1.26,5.88,11.97,1.53,2.5,1.6,2.47,1.61,2.72,1.55,2.45,-1.5,1.86,2.04,1.9,2.02,1.92,2.19,1.83,2.05
I1,30/11/2021,17:30,Fiorentina,Sampdoria,3,1,H,3,1,H,17,11,7,4,6,16,3,6,0,3,0,0,1.7,3.8,5,1.68,3.9,4.8,1.73,3.75,5,1.74,3.83,5.31,1.65,3.9,5.25,1.67,3.8,5.25,1.77,4,5.41,1.72,3.81,5.03,1.72,2.1,1.76,2.17,1.8,2.21,1.72,2.13,-0.75,1.94,1.99,1.94,1.98,1.97,2.02,1.92,1.96,1.72,3.75,4.75,1.73,3.75,4.6,1.75,3.75,4.6,1.78,3.79,5.02,1.65,3.9,5.25,1.73,3.75,4.8,1.8,4.09,5.5,1.75,3.77,4.77,1.66,2.2,1.72,2.23,1.74,2.39,1.68,2.19,-0.75,2,1.9,2.01,1.91,2.05,2.01,1.98,1.9
I1,30/11/2021,19:45,Salernitana,Juventus,0,2,A,0,1,A,4,18,0,7,14,9,4,4,1,1,0,0,9.5,5.5,1.3,9.75,5.5,1.31,9.5,5.25,1.33,9.52,5.49,1.35,10,5,1.33,10.5,4.75,1.33,11,5.6,1.37,9.65,5.23,1.33,1.72,2.1,1.79,2.12,1.81,2.22,1.74,2.1,1.5,1.91,2.02,1.92,2.01,1.94,2.07,1.89,1.99,9,5.25,1.33,9,4.75,1.37,8.25,4.9,1.37,9.97,5.23,1.36,9.5,5,1.35,10,4.5,1.36,10.31,5.36,1.4,9.23,4.96,1.36,1.9,2,1.86,2.05,1.97,2.09,1.86,1.97,1.25,2,1.9,2.03,1.88,2.15,1.95,2.01,1.87
I1,30/11/2021,19:45,Verona,Cagliari,0,0,D,0,0,D,15,12,6,4,15,12,11,1,3,2,0,0,1.61,4,5.25,1.65,4,5,1.67,3.8,5.25,1.69,4.19,5.15,1.62,4,5.5,1.62,3.9,5.5,1.72,4.23,5.5,1.66,4.08,5.01,1.61,2.3,1.65,2.37,1.7,2.38,1.63,2.28,-0.75,1.88,2.05,1.88,2.05,1.9,2.07,1.85,2.03,1.53,4.33,6,1.51,4.2,6.5,1.57,3.95,6,1.55,4.28,6.8,1.57,4.2,5.8,1.5,4.1,7,1.6,4.52,7,1.54,4.21,6.19,1.72,2.1,1.76,2.17,1.8,2.28,1.71,2.15,-1,1.93,1.97,1.94,1.98,1.97,2.01,1.94,1.93
I1,01/12/2021,17:30,Bologna,Roma,1,0,H,1,0,H,6,13,3,5,9,18,3,3,3,4,0,0,3.1,3.6,2.2,3.1,3.6,2.15,3.05,3.5,2.3,3.18,3.65,2.3,3.1,3.5,2.25,3.13,3.4,2.25,3.2,3.73,2.36,3.07,3.54,2.27,1.72,2.1,1.78,2.15,1.78,2.2,1.72,2.12,0.25,1.92,2.01,1.93,2,1.93,2.03,1.89,1.97,2.8,3.4,2.5,3,3.2,2.45,2.9,3.35,2.45,3.02,3.36,2.54,3,3.4,2.38,2.88,3.25,2.5,3.11,3.71,2.56,2.92,3.36,2.47,1.88,2.02,1.89,2.01,1.94,2.3,1.81,2.01,0.25,1.75,2.05,1.78,2.16,1.85,2.2,1.77,2.12
I1,01/12/2021,17:30,Inter,Spezia,2,0,H,1,0,H,31,7,11,4,18,10,11,1,1,2,0,0,1.18,7.5,13,1.21,6.75,13.5,1.2,7,15,1.19,7.76,15.66,1.2,7,15,1.18,7,15,1.22,8,15.66,1.19,7.34,14.11,1.36,3.2,1.38,3.18,1.41,3.25,1.37,3.05,-2,1.89,2.04,1.88,2.03,1.94,2.04,1.88,1.99,1.12,9,17,1.17,7.5,16,1.17,7.75,14,1.15,9,18.5,1.15,8.5,15,1.17,7.5,15,1.18,10.1,21,1.15,8.53,16.81,1.3,3.5,1.33,3.5,1.35,3.84,1.31,3.42,-2.25,1.97,1.93,1.93,1.97,1.98,2.07,1.92,1.96
I1,01/12/2021,19:45,Genoa,Milan,0,3,A,0,2,A,10,18,3,5,11,16,2,6,2,1,0,0,5,4,1.66,4.8,4,1.66,5.25,4.2,1.63,5.47,4.24,1.65,5.25,3.9,1.65,5.75,3.8,1.6,5.75,4.4,1.7,5.16,4.13,1.63,1.72,2.1,1.79,2.13,1.83,2.19,1.74,2.1,0.75,2.1,1.83,2.11,1.81,2.13,1.84,2.08,1.8,6.25,4.2,1.53,5.25,4.1,1.6,6,4.2,1.55,6.5,4.41,1.55,6.5,3.9,1.57,6.5,3.9,1.5,6.85,4.43,1.63,6.04,4.2,1.56,1.87,2.03,1.86,2.05,1.91,2.17,1.81,2.02,1,1.95,1.95,2,1.92,2.02,2.1,1.91,1.97
I1,01/12/2021,19:45,Sassuolo,Napoli,2,2,D,0,0,D,9,9,7,4,10,19,5,4,4,2,0,0,4,3.9,1.8,4,3.7,1.87,3.85,4,1.85,4.22,3.9,1.88,4,3.7,1.88,4.1,3.7,1.83,4.22,4.05,1.92,3.98,3.86,1.86,1.57,2.37,1.61,2.46,1.64,2.52,1.57,2.41,0.5,2.05,1.88,2.04,1.88,2.06,1.92,2.01,1.87,4,3.9,1.83,4.33,3.75,1.78,3.9,3.9,1.85,4.24,3.89,1.88,4.2,3.7,1.83,4.2,3.7,1.83,4.39,4,1.9,4.11,3.82,1.85,1.57,2.37,1.61,2.44,1.63,2.58,1.59,2.37,0.5,2.03,1.87,2.04,1.88,2.07,1.93,2.02,1.86
I1,02/12/2021,17:30,Torino,Empoli,2,2,D,2,1,H,10,16,3,5,9,15,1,11,1,3,1,0,1.72,3.8,4.75,1.73,3.8,4.5,1.75,3.85,4.5,1.79,3.74,5,1.78,3.7,4.6,1.73,3.6,5,1.83,3.88,5.02,1.77,3.7,4.69,1.9,2.03,1.88,2.04,1.91,2.05,1.83,1.98,-0.75,2.02,1.91,2.02,1.91,2.05,1.94,2,1.88,1.75,3.6,4.75,1.75,3.7,4.6,1.8,3.7,4.5,1.78,3.8,5.04,1.75,3.6,5,1.75,3.5,5,1.83,3.86,5.25,1.78,3.69,4.7,1.91,1.99,1.89,2.05,1.93,2.1,1.84,1.99,-0.75,2.02,1.88,2.04,1.91,2.06,1.99,2.01,1.87
I1,02/12/2021,19:45,Lazio,Udinese,4,4,D,1,3,A,13,12,5,5,11,11,5,4,3,5,1,2,1.66,3.8,5.25,1.65,3.9,5.25,1.65,4.1,4.9,1.7,4.06,5.28,1.65,4,5.25,1.65,3.75,5.5,1.74,4.2,5.5,1.67,3.96,5.05,1.72,2.1,1.81,2.09,1.86,2.19,1.76,2.08,-0.75,1.89,2.04,1.89,2.03,1.91,2.05,1.86,2.01,1.6,3.8,6,1.61,3.9,5.75,1.65,3.95,5.25,1.66,3.97,5.86,1.61,3.8,5.8,1.6,3.7,5.5,1.7,4.08,6.6,1.65,3.87,5.55,1.87,2.03,1.89,2.01,1.96,2.15,1.86,1.96,-0.75,1.85,2.05,1.85,2.08,1.89,2.19,1.84,2.04
I1,04/12/2021,14:00,Milan,Salernitana,2,0,H,2,0,H,22,7,8,2,11,9,9,5,1,2,0,0,1.18,7,15,1.22,6.75,13,1.22,6.75,13,1.22,7.05,14.29,1.2,6.5,15,1.17,7,17,1.24,7.4,17,1.21,6.86,13.9,1.5,2.62,1.52,2.65,1.54,2.7,1.51,2.58,-2,2.02,1.77,2.12,1.79,2.13,1.89,2.07,1.8,1.22,6,13,1.23,6.5,13,1.3,6,10,1.23,6.8,14.64,1.22,6.5,13,1.22,6,15,1.3,6.8,15,1.25,6.25,12.3,1.57,2.37,1.57,2.52,1.59,2.63,1.54,2.48,-1.75,2.06,1.87,2.05,1.86,2.11,1.92,2.02,1.85
I1,04/12/2021,17:00,Roma,Inter,0,3,A,0,3,A,9,10,1,4,9,6,4,4,3,1,0,0,3.8,3.8,1.9,3.9,3.5,1.93,3.6,3.75,1.97,3.93,3.75,1.99,3.7,3.7,1.95,3.8,3.5,1.95,3.95,3.88,2.06,3.77,3.67,1.98,1.72,2.1,1.73,2.22,1.77,2.29,1.68,2.21,0.5,1.92,2.01,1.93,1.99,1.94,2.03,1.9,1.98,3.75,3.6,1.95,3.75,3.5,1.98,3.8,3.6,1.95,4.11,3.9,1.91,3.5,3.7,2.05,3.9,3.5,1.95,4.2,4,2.05,3.81,3.72,1.95,1.66,2.2,1.7,2.27,1.74,2.39,1.68,2.21,0.5,1.89,2.01,2.02,1.91,2.04,2.01,1.92,1.96
I1,04/12/2021,19:45,Napoli,Atalanta,2,3,A,1,1,D,15,21,4,7,16,18,6,7,2,3,0,0,2.45,3.5,2.8,2.55,3.5,2.65,2.5,3.5,2.75,2.52,3.59,2.88,2.45,3.4,2.88,2.45,3.4,2.8,2.56,3.66,2.96,2.48,3.52,2.8,1.66,2.2,1.68,2.29,1.73,2.4,1.65,2.27,0,1.84,2.09,1.84,2.1,1.87,2.13,1.82,2.08,2.7,3.4,2.55,2.65,3.4,2.55,2.6,3.45,2.65,2.85,3.49,2.58,2.6,3.4,2.7,2.7,3.4,2.55,2.9,3.6,2.82,2.69,3.45,2.61,1.66,2.2,1.7,2.25,1.75,2.39,1.68,2.2,0,1.87,2.03,2.06,1.86,2.07,2.05,1.96,1.92
I1,05/12/2021,11:30,Bologna,Fiorentina,2,3,A,1,1,D,8,6,3,3,12,15,0,2,3,3,0,0,2.87,3.3,2.5,2.75,3.3,2.55,2.75,3.35,2.6,2.97,3.27,2.64,2.8,3.3,2.55,2.8,3.25,2.55,2.97,3.37,2.7,2.83,3.26,2.58,1.87,2.03,1.87,2.04,1.91,2.05,1.84,1.99,0,2.05,1.88,2.08,1.85,2.09,1.92,2.03,1.86,2.9,3.2,2.5,2.75,3.25,2.6,2.9,3.3,2.5,3.04,3.28,2.58,2.8,3.3,2.55,2.9,3.2,2.5,3.26,3.36,2.63,2.92,3.25,2.53,1.89,2.01,1.9,2,1.95,2.07,1.87,1.96,0.25,1.7,2.1,1.76,2.19,1.86,2.22,1.75,2.16
I1,05/12/2021,14:00,Spezia,Sassuolo,2,2,D,1,0,H,9,20,4,5,11,9,2,5,4,3,0,0,3.3,3.75,2.05,3.2,3.7,2.1,3.25,3.7,2.1,3.48,3.9,2.09,3.25,3.6,2.15,3.4,3.5,2.1,3.5,3.92,2.15,3.32,3.76,2.09,1.57,2.37,1.59,2.49,1.63,2.5,1.57,2.41,0.25,2.07,1.86,2.11,1.82,2.11,1.89,2.05,1.83,3,3.5,2.3,2.9,3.5,2.35,3,3.5,2.35,3.07,3.58,2.4,3.2,3.5,2.2,3.1,3.4,2.3,3.25,3.66,2.4,3.02,3.48,2.32,1.72,2.1,1.72,2.23,1.73,2.28,1.69,2.17,0.25,1.83,2.07,1.86,2.07,1.96,2.09,1.86,2.01
I1,05/12/2021,14:00,Venezia,Verona,3,4,A,3,0,H,9,16,5,6,13,14,1,6,2,2,1,0,3.6,3.5,2,3.3,3.5,2.1,3.6,3.4,2.1,3.97,3.54,2.05,3.5,3.4,2.15,3.6,3.25,2.1,3.99,3.6,2.17,3.66,3.44,2.07,2,1.9,1.98,1.92,2.01,1.95,1.94,1.88,0.5,1.88,2.05,1.88,2.05,1.89,2.12,1.82,2.06,3.8,3.4,2,3.6,3.5,2,3.75,3.45,2.05,3.96,3.39,2.11,3.8,3.3,2.05,4,3.3,2,4.19,3.5,2.12,3.8,3.41,2.05,2,1.8,2.09,1.83,2.1,1.91,1.99,1.83,0.5,1.81,2.09,1.83,2.11,1.87,2.14,1.82,2.07
I1,05/12/2021,17:00,Sampdoria,Lazio,1,3,A,0,3,A,18,6,5,5,13,9,7,0,4,3,0,1,3.5,3.6,2.05,3.4,3.7,2.05,3.3,3.65,2.1,3.52,3.83,2.09,3.4,3.6,2.1,3.4,3.5,2.1,3.57,3.86,2.15,3.38,3.65,2.09,1.66,2.2,1.67,2.33,1.71,2.33,1.66,2.23,0.25,2.07,1.86,2.11,1.82,2.11,1.9,2.04,1.83,3.3,3.6,2.1,3.2,3.6,2.15,3.15,3.55,2.2,3.34,3.5,2.29,3.4,3.6,2.1,3.2,3.4,2.25,3.63,3.78,2.3,3.25,3.53,2.21,1.66,2.2,1.76,2.17,1.78,2.38,1.68,2.21,0.25,1.95,1.95,1.95,1.97,2.07,2.01,1.95,1.93
I1,05/12/2021,19:45,Juventus,Genoa,2,0,H,1,0,H,27,0,12,0,15,7,5,1,3,1,0,0,1.25,6,12,1.29,5.5,11,1.25,6,12,1.26,6.23,13.18,1.25,5.8,13,1.22,5.75,15,1.29,6.4,15.25,1.25,5.91,12.41,1.66,2.2,1.68,2.29,1.72,2.33,1.66,2.23,-1.75,2.01,1.92,2.01,1.89,2.07,1.93,2.01,1.86,1.22,6,15,1.2,6.75,15,1.25,6.25,12,1.22,6.54,16.51,1.22,6,15,1.18,6.5,17,1.25,7,18,1.22,6.47,14.91,1.61,2.3,1.63,2.34,1.68,2.47,1.62,2.32,-1.75,1.95,1.95,1.98,1.93,2.01,2.07,1.92,1.96
I1,06/12/2021,17:30,Empoli,Udinese,3,1,H,0,1,A,22,19,9,8,12,18,8,6,4,3,0,0,2.6,3.25,2.8,2.5,3.5,2.65,2.6,3.4,2.7,2.67,3.45,2.79,2.6,3.3,2.75,2.6,3.2,2.75,2.7,3.55,2.82,2.59,3.39,2.72,1.88,2.02,1.96,1.94,1.96,2.04,1.87,1.95,0,1.9,2.03,1.92,2.01,1.93,2.04,1.89,1.98,2.25,3.4,3,2.25,3.4,3,2.35,3.4,3,2.3,3.49,3.32,2.45,3.4,2.9,2.3,3.3,3.13,2.51,3.6,3.32,2.32,3.44,3.05,1.8,2,1.82,2.09,1.82,2.15,1.77,2.06,-0.25,2,1.9,1.98,1.94,2.05,1.95,1.99,1.87
I1,06/12/2021,19:45,Cagliari,Torino,1,1,D,0,1,A,15,8,2,3,12,24,5,2,2,4,0,0,3.5,3.2,2.25,3.25,3.3,2.2,3.15,3.3,2.3,3.4,3.24,2.38,3.2,3.3,2.3,3.3,3.13,2.3,3.5,3.48,2.65,3.23,3.26,2.32,2,1.8,2.15,1.77,2.17,1.87,2.06,1.76,0.25,1.92,2.01,1.9,2.03,1.94,2.03,1.88,1.98,3.1,3.2,2.4,3.2,3.1,2.35,3.15,3.2,2.4,3.44,3.24,2.37,3.3,3.1,2.35,3.2,3.1,2.38,3.49,3.27,2.44,3.26,3.18,2.36,2.1,1.72,2.21,1.74,2.21,1.85,2.1,1.75,0.25,1.85,2.05,1.92,2.01,1.96,2.06,1.87,2.01
I1,10/12/2021,19:45,Genoa,Sampdoria,1,3,A,0,1,A,12,14,2,6,15,17,8,3,2,2,0,0,3.2,3.3,2.25,3.4,3,2.3,3.2,3.15,2.35,3.4,3.2,2.4,3.3,3.1,2.3,3.3,3.1,2.3,3.4,3.3,2.45,3.27,3.18,2.37,2.1,1.72,2.21,1.74,2.23,1.81,2.16,1.71,0.25,1.88,2.05,1.89,2.04,1.92,2.07,1.86,2.01,3.5,3.2,2.2,3.4,3.1,2.3,3.35,3.2,2.3,3.68,3.19,2.31,3.3,3.1,2.3,3.4,3.13,2.25,3.7,3.35,2.36,3.46,3.18,2.27,2.2,1.66,2.13,1.79,2.22,1.84,2.14,1.72,0.25,2.01,1.92,1.97,1.95,2.01,2.1,1.94,1.93
I1,11/12/2021,14:00,Fiorentina,Salernitana,4,0,H,1,0,H,17,11,9,6,9,11,1,3,1,1,0,0,1.3,5.5,9.5,1.33,5.25,9.5,1.33,5.5,9,1.34,5.57,9.83,1.3,5,11,1.29,5.5,11,1.37,5.65,11,1.32,5.41,9.59,1.66,2.2,1.7,2.27,1.72,2.31,1.67,2.23,-1.5,1.97,1.96,1.96,1.96,2.06,1.99,1.95,1.92,1.25,6,11,1.33,5.25,9.5,1.27,6,11,1.25,6.49,13.34,1.24,5.8,12,1.22,6,13,1.31,6.68,13.35,1.26,6.02,11.68,1.57,2.37,1.56,2.56,1.62,2.57,1.58,2.41,-1.5,1.7,2.1,1.75,2.19,1.93,2.26,1.8,2.09
I1,11/12/2021,17:00,Venezia,Juventus,1,1,D,0,1,A,13,20,4,6,20,10,3,11,4,2,0,0,9,4.75,1.36,8.5,4.6,1.39,8,4.8,1.4,9.46,4.95,1.39,8,4.5,1.4,9,4.6,1.36,9.5,5.05,1.44,8.54,4.8,1.39,1.72,2.1,1.79,2.13,1.81,2.21,1.75,2.09,1.25,1.98,1.95,2.02,1.91,2.04,1.96,1.97,1.91,8.5,4.5,1.4,8.5,4.6,1.39,7.25,4.6,1.43,9.14,4.93,1.44,8.5,4.6,1.38,9,4.4,1.4,9.2,5.01,1.44,8.38,4.67,1.41,1.72,2.1,1.85,2.16,1.88,2.17,1.8,2.05,1.25,1.99,1.94,2,1.93,2.02,2.06,1.93,1.95
I1,11/12/2021,19:45,Udinese,Milan,1,1,D,1,0,H,11,12,6,1,17,10,3,5,2,2,1,0,4.2,3.5,1.9,4.2,3.5,1.87,4.1,3.6,1.9,4.33,3.7,1.92,4.2,3.4,1.91,4.33,3.4,1.87,4.45,3.74,1.95,4.23,3.58,1.9,1.98,1.92,1.94,1.96,2,1.99,1.92,1.9,0.5,2,1.93,2.01,1.92,2.03,1.94,1.97,1.9,4.2,3.6,1.85,4.2,3.5,1.87,4.4,3.75,1.8,4.44,3.64,1.91,4.2,3.6,1.83,4.75,3.5,1.8,4.8,3.82,1.95,4.35,3.59,1.87,1.9,2,1.92,1.99,2.01,2.07,1.89,1.94,0.5,2.03,1.9,2.02,1.91,2.08,1.94,2.01,1.87
I1,12/12/2021,11:30,Torino,Bologna,2,1,H,1,0,H,16,8,7,5,16,18,5,0,2,4,0,0,2.2,3.25,3.5,2.3,3.3,3.1,2.3,3.25,3.3,2.32,3.25,3.54,2.25,3.1,3.4,2.25,3.1,3.4,2.36,3.4,3.55,2.28,3.23,3.37,2.1,1.72,2.14,1.78,2.14,1.82,2.07,1.77,-0.25,1.97,1.96,1.97,1.95,2,2,1.94,1.93,2,3.4,3.7,2.3,3.3,3.1,2.1,3.35,3.6,2.29,3.39,3.42,2.2,3.1,3.5,2.1,3.25,3.7,2.29,3.43,3.92,2.14,3.33,3.65,1.97,1.93,1.98,1.92,2.06,2.07,1.95,1.88,-0.25,1.83,1.98,1.96,1.95,1.96,2.14,1.84,2.04
I1,12/12/2021,14:00,Verona,Atalanta,1,2,A,1,1,D,19,14,4,6,12,10,6,6,2,1,0,0,3.8,3.8,1.9,3.6,3.75,1.95,3.65,3.9,1.9,3.83,4.09,1.93,3.7,3.75,1.91,3.8,3.7,1.91,3.94,4.1,1.99,3.74,3.9,1.92,1.53,2.5,1.55,2.61,1.6,2.61,1.55,2.46,0.5,1.97,1.96,1.99,1.93,1.99,1.97,1.95,1.93,3.5,3.6,2.05,3.6,3.75,1.95,3.35,3.7,2.1,3.56,3.69,2.13,3.5,3.6,2,3.4,3.5,2.1,3.84,3.79,2.14,3.5,3.65,2.06,1.61,2.3,1.64,2.38,1.73,2.47,1.63,2.29,0.5,1.73,2.08,1.81,2.12,1.89,2.17,1.81,2.07
I1,12/12/2021,17:00,Napoli,Empoli,0,1,A,0,0,D,30,12,6,5,8,11,10,3,0,1,0,0,1.33,5,10,1.31,5.5,9.75,1.35,5.25,8.25,1.37,5.35,8.99,1.33,5,9,1.33,5,9.5,1.39,5.81,10,1.36,5.26,8.4,1.44,2.75,1.5,2.74,1.51,2.85,1.47,2.7,-1.5,2.03,1.9,2.04,1.89,2.07,1.96,2,1.88,1.36,5.25,7.5,1.41,4.6,8,1.35,5.25,8.5,1.4,5.3,8.35,1.35,5.5,7.5,1.36,5,8,1.44,5.5,8.9,1.4,5.13,7.63,1.4,3,1.43,2.99,1.53,3,1.46,2.75,-1.25,1.86,2.07,1.85,2.08,1.93,2.17,1.86,2.02
I1,12/12/2021,17:00,Sassuolo,Lazio,2,1,H,0,1,A,17,6,6,2,9,11,6,0,1,2,1,0,2.7,3.5,2.5,2.75,3.7,2.35,2.65,3.5,2.55,2.72,3.65,2.63,2.62,3.5,2.55,2.63,3.5,2.55,2.8,3.76,2.69,2.67,3.55,2.56,1.53,2.5,1.57,2.54,1.6,2.57,1.55,2.45,0,2,1.93,1.99,1.93,2.02,1.94,1.98,1.9,2.3,3.5,3,2.4,3.5,2.8,2.4,3.4,2.9,2.32,3.58,3.21,2.38,3.4,2.88,2.3,3.3,3.13,2.48,3.75,3.21,2.34,3.49,3.03,1.72,2.1,1.79,2.13,1.8,2.26,1.74,2.11,-0.25,2.01,1.92,2,1.92,2.13,1.94,2.01,1.87
I1,12/12/2021,19:45,Inter,Cagliari,4,0,H,1,0,H,24,5,15,2,9,13,9,0,1,2,0,0,1.16,8,15,1.19,7.5,14.5,1.2,7.5,13,1.18,7.82,18.32,1.17,7,17,1.15,7,19,1.2,8,19,1.18,7.45,15.53,1.36,3.2,1.37,3.25,1.38,3.33,1.35,3.2,-2,1.89,2.04,1.85,2.07,1.93,2.09,1.85,2.03,1.14,8,17,1.16,8.25,16,1.17,7.5,15,1.16,8.47,21.37,1.14,7.5,19,1.12,9,21,1.17,9.25,23,1.15,8.36,18.43,1.4,3,1.39,3.15,1.43,3.25,1.39,3.04,-2.25,2.05,1.88,1.99,1.91,2.07,1.99,1.97,1.91
I1,13/12/2021,19:45,Roma,Spezia,2,0,H,1,0,H,12,8,6,2,13,7,9,4,4,1,1,0,1.4,5,7.5,1.41,5,7.25,1.43,5,6.75,1.44,5.04,7.63,1.38,4.75,8,1.36,4.75,8.5,1.46,5.2,8.5,1.41,4.89,7.33,1.53,2.5,1.57,2.54,1.59,2.57,1.54,2.48,-1.25,1.93,2,1.95,1.97,1.96,2.01,1.91,1.96,1.36,4.75,8,1.39,4.8,7.5,1.4,5.25,7.25,1.38,5.21,9.01,1.36,4.75,8.5,1.36,5,9,1.42,5.44,9.82,1.38,5.09,8.25,1.61,2.3,1.63,2.42,1.64,2.58,1.58,2.4,-1.25,1.86,2.07,1.87,2.06,1.9,2.18,1.84,2.05
I1,17/12/2021,17:30,Lazio,Genoa,3,1,H,1,0,H,11,4,5,2,9,8,5,2,0,3,0,0,1.53,4.33,6,1.51,4.1,6.75,1.5,4.2,7,1.54,4.31,6.89,1.52,4,6.5,1.5,4.1,7,1.58,4.4,7,1.54,4.21,6.5,1.87,2.03,1.88,2.02,1.92,2.06,1.85,1.98,-1,1.99,1.94,1.97,1.95,2,1.98,1.94,1.93,1.61,3.8,5.75,1.62,3.8,5.75,1.57,4.1,6,1.66,3.79,6.27,1.57,3.9,6,1.6,3.75,6,1.7,4.33,6.8,1.61,3.97,5.9,2,1.9,2.09,1.83,2.09,2.07,1.92,1.9,-0.75,1.82,2.11,1.86,2.07,1.91,2.31,1.78,2.13
I1,17/12/2021,19:45,Salernitana,Inter,0,5,A,0,2,A,10,23,2,8,10,10,3,10,1,2,0,0,15,8,1.16,15.5,7.75,1.17,17,7.25,1.17,17.5,8.6,1.17,17,7,1.17,17,6.5,1.18,19.62,8.8,1.2,16.81,7.85,1.17,1.44,2.75,1.45,2.85,1.5,2.9,1.44,2.77,2.25,1.77,2.02,1.82,2.08,1.88,2.13,1.81,2.07,17,8,1.14,20,8.75,1.14,19,8,1.15,22,9,1.14,21,8,1.12,18,7,1.17,29,10.25,1.17,20.76,8.83,1.14,1.36,3.2,1.39,3.13,1.5,3.21,1.41,2.93,2.5,1.84,2.09,1.88,2.02,1.92,2.36,1.8,2.1
I1,18/12/2021,14:00,Atalanta,Roma,1,4,A,1,2,A,17,8,6,5,11,15,10,0,1,3,0,0,1.7,4.33,4.33,1.68,4.4,4.2,1.7,4.2,4.5,1.72,4.32,4.7,1.65,4.2,4.75,1.67,3.9,5,1.75,4.55,5,1.69,4.25,4.58,1.57,2.37,1.59,2.49,1.63,2.55,1.56,2.42,-0.75,1.92,2.01,1.92,2.01,1.94,2.03,1.88,1.99,1.75,4,4.33,1.72,4,4.4,1.75,4.1,4.3,1.76,4.07,4.71,1.66,4.2,4.5,1.73,3.8,4.75,1.78,4.41,4.8,1.74,4.05,4.5,1.57,2.37,1.61,2.45,1.63,2.55,1.58,2.4,-0.75,1.99,1.94,1.98,1.94,2.12,1.97,1.96,1.91
I1,18/12/2021,17:00,Bologna,Juventus,0,2,A,0,1,A,11,11,3,7,7,19,8,4,1,1,0,0,4.1,3.7,1.83,4,3.7,1.87,4.2,3.75,1.83,4.35,3.66,1.93,4.2,3.6,1.85,4.33,3.4,1.87,4.4,3.84,1.94,4.18,3.62,1.89,1.96,1.94,1.96,1.94,1.98,1.98,1.91,1.91,0.5,1.99,1.94,2,1.93,2,1.96,1.97,1.9,4,3.5,1.9,4,3.5,1.9,4.4,3.5,1.85,4.36,3.54,1.95,4.2,3.4,1.88,4.4,3.3,1.91,4.43,3.63,2,4.18,3.48,1.93,2.1,1.72,2.19,1.75,2.24,1.83,2.07,1.77,0.5,1.96,1.97,1.97,1.95,2.03,2,1.94,1.94
I1,18/12/2021,19:45,Cagliari,Udinese,0,4,A,0,2,A,5,10,2,5,12,14,4,2,4,2,1,0,3,3.25,2.4,3,3.3,2.35,2.95,3.3,2.45,3.14,3.24,2.53,3,3.25,2.4,3.1,3.2,2.4,3.15,3.44,2.53,3.01,3.3,2.45,1.98,1.92,2,1.91,2.02,1.95,1.95,1.87,0.25,1.81,2.13,1.8,2.15,1.82,2.15,1.79,2.1,3.1,3.3,2.35,3,3.2,2.4,3.1,3.25,2.4,3.26,3.22,2.47,3.1,3.2,2.35,3.2,3.13,2.38,3.4,3.4,2.47,3.15,3.26,2.38,2.11,1.79,2.16,1.76,2.21,1.93,2.03,1.8,0.25,1.85,2.08,1.84,2.1,1.97,2.11,1.84,2.04
I1,19/12/2021,11:30,Fiorentina,Sassuolo,2,2,D,0,2,A,23,8,8,4,7,14,9,3,3,5,1,0,1.85,3.8,3.9,1.85,3.9,3.8,1.9,3.95,3.75,1.92,3.85,4.15,1.88,3.7,3.9,1.85,3.7,4,1.96,4.03,4.15,1.89,3.84,3.93,1.53,2.5,1.56,2.58,1.6,2.6,1.55,2.47,-0.5,1.9,2.03,1.92,2.01,1.92,2.04,1.89,1.99,1.85,3.8,4,1.83,3.75,4.1,1.9,3.65,4,1.97,3.81,3.97,1.88,3.7,3.9,1.9,3.75,3.8,1.98,4,4.4,1.91,3.8,3.89,1.5,2.62,1.54,2.63,1.59,2.71,1.52,2.55,-0.5,1.99,1.94,1.97,1.95,2,2.01,1.94,1.94
I1,19/12/2021,14:00,Spezia,Empoli,1,1,D,0,0,D,9,22,2,6,20,9,3,5,3,2,0,0,2.62,3.75,2.45,2.6,3.6,2.5,2.65,3.6,2.55,2.72,3.75,2.58,2.5,3.6,2.5,2.63,3.4,2.55,2.75,3.79,2.7,2.65,3.65,2.53,1.57,2.37,1.63,2.4,1.66,2.43,1.61,2.34,0,1.99,1.94,2.02,1.91,2.03,1.95,1.98,1.9,2.55,3.5,2.62,2.6,3.5,2.6,2.65,3.45,2.6,2.7,3.61,2.67,2.62,3.5,2.45,2.63,3.4,2.63,2.84,3.75,2.75,2.65,3.53,2.58,1.61,2.3,1.72,2.23,1.72,2.5,1.66,2.24,0,1.96,1.97,1.98,1.94,2.1,2.04,1.96,1.92
I1,19/12/2021,17:00,Sampdoria,Venezia,1,1,D,1,0,H,18,12,8,1,8,17,4,3,2,1,0,0,1.8,3.8,4.33,1.77,3.75,4.5,1.77,3.85,4.3,1.8,3.74,4.94,1.78,3.6,4.5,1.75,3.6,4.75,1.85,3.92,4.94,1.79,3.76,4.55,1.72,2.1,1.82,2.08,1.83,2.19,1.75,2.09,-0.75,2.04,1.89,2.04,1.88,2.06,1.9,2.03,1.85,1.75,3.6,4.75,1.72,3.7,4.8,1.8,3.65,4.6,1.8,3.73,4.99,1.75,3.6,4.75,1.75,3.5,5,1.85,3.85,5.09,1.79,3.67,4.73,1.95,1.95,1.93,1.97,1.98,2.07,1.92,1.91,-0.75,2.06,1.87,2.06,1.87,2.09,1.89,2.04,1.84
I1,19/12/2021,17:00,Torino,Verona,1,0,H,1,0,H,8,8,1,2,15,7,5,3,1,2,0,1,2.2,3.4,3.3,2.25,3.4,3.2,2.25,3.4,3.25,2.28,3.35,3.51,2.2,3.25,3.4,2.2,3.2,3.4,2.29,3.5,3.53,2.23,3.37,3.34,1.98,1.92,1.94,1.96,2.05,1.99,1.93,1.89,-0.25,1.94,1.99,1.94,1.98,1.96,2.01,1.91,1.96,2.2,3.3,3.4,2.2,3.4,3.25,2.25,3.3,3.35,2.27,3.35,3.53,2.2,3.25,3.4,2.25,3.2,3.4,2.35,3.5,3.59,2.23,3.34,3.38,1.99,1.91,1.96,1.93,2.01,2.07,1.94,1.89,-0.25,1.96,1.97,1.94,1.98,2.1,2,1.93,1.95
I1,19/12/2021,19:45,Milan,Napoli,0,1,A,0,1,A,12,11,2,2,14,18,5,5,0,2,0,0,2.25,3.5,3.1,2.2,3.5,3.1,2.3,3.5,3.05,2.32,3.64,3.16,2.25,3.4,3.1,2.25,3.3,3.2,2.38,3.7,3.22,2.28,3.53,3.1,1.8,2,1.81,2.09,1.89,2.11,1.8,2.03,-0.25,2,1.93,2.01,1.92,2.01,1.95,1.98,1.9,2.05,3.5,3.6,2.05,3.4,3.5,2.15,3.35,3.5,2.13,3.52,3.72,2.1,3.4,3.5,2.05,3.4,3.7,2.18,3.68,3.88,2.09,3.49,3.61,1.88,2.02,1.87,2.04,1.92,2.17,1.84,2,-0.5,2.07,1.86,2.12,1.81,2.16,1.89,2.09,1.8
I1,21/12/2021,19:45,Genoa,Atalanta,0,0,D,0,0,D,1,17,0,3,13,15,3,8,2,1,0,0,7.5,5.25,1.36,7.25,5,1.41,7,5,1.43,8.14,4.95,1.43,8,4.75,1.38,8,4.8,1.4,8.2,5.5,1.44,7.66,5.03,1.41,1.53,2.5,1.56,2.56,1.58,2.57,1.54,2.48,1.25,1.98,1.92,2.01,1.91,2.04,1.94,1.98,1.89,6.5,4.75,1.45,6,4.33,1.52,6,4.6,1.53,6.58,4.69,1.52,7,4.6,1.42,7,4.5,1.45,7.15,4.86,1.53,6.38,4.62,1.49,1.61,2.3,1.63,2.4,1.66,2.5,1.6,2.34,1,2.05,1.85,2.06,1.87,2.17,1.9,2.05,1.83
I1,21/12/2021,19:45,Juventus,Cagliari,2,0,H,1,0,H,15,6,4,1,16,12,7,1,0,3,0,0,1.18,6.5,17,1.22,6,16,1.2,6.5,16,1.19,7,20,1.18,6.5,17,1.17,7,20,1.23,7.25,21,1.2,6.61,17.1,1.72,2.1,1.74,2.19,1.78,2.34,1.7,2.17,-1.75,1.89,2.01,1.92,1.99,1.92,2.04,1.87,2,1.2,6.5,15,1.23,6,16,1.2,6.25,16,1.22,6.5,17,1.2,6.5,15,1.22,6,15,1.25,6.8,17.37,1.22,6.32,15.27,1.66,2.2,1.73,2.2,1.76,2.39,1.69,2.17,-1.75,1.96,1.94,1.96,1.86,2.05,2.07,1.94,1.92
I1,22/12/2021,15:30,Sassuolo,Bologna,0,3,A,0,2,A,13,9,5,5,13,12,5,5,1,3,0,0,2,3.6,3.6,2,3.7,3.5,2.05,3.75,3.4,2.06,3.76,3.69,2,3.5,3.6,2,3.5,3.6,2.08,3.79,3.75,2.03,3.68,3.55,1.57,2.37,1.62,2.42,1.69,2.45,1.6,2.35,-0.5,2.04,1.86,2.06,1.88,2.07,1.89,2.04,1.84,2.1,3.6,3.3,2.05,3.6,3.4,2.15,3.7,3.1,2.22,3.63,3.37,2.1,3.6,3.25,2.1,3.6,3.3,2.22,3.9,3.85,2.11,3.66,3.38,1.57,2.37,1.61,2.44,1.65,2.58,1.59,2.39,-0.25,1.87,2.03,1.92,2,1.92,2.17,1.84,2.04
I1,22/12/2021,15:30,Venezia,Lazio,1,3,A,1,1,D,11,7,2,4,11,10,4,4,3,3,1,0,4.2,3.6,1.85,4.33,3.75,1.78,3.9,3.7,1.9,4.24,3.63,1.95,4.2,3.5,1.85,4.2,3.5,1.87,4.65,3.85,1.96,4.13,3.63,1.9,1.72,2.1,1.88,2.04,1.89,2.11,1.81,2.02,0.5,1.98,1.92,1.97,1.95,2.06,1.96,1.96,1.91,4,3.4,1.95,4.1,3.4,1.9,3.9,3.4,2,3.79,3.23,2.23,4,3.4,1.95,4.1,3.25,2,4.46,3.58,2.23,3.98,3.4,2,2.1,1.72,2.19,1.75,2.21,1.84,2.08,1.76,0.5,1.79,2.11,1.74,2.22,1.94,2.22,1.85,2.03
I1,22/12/2021,17:30,Inter,Torino,1,0,H,1,0,H,14,12,3,3,10,17,7,4,1,0,0,0,1.3,5.5,10,1.3,5.5,10,1.33,5,10,1.34,5.64,9.71,1.3,5.25,10,1.29,5.25,11,1.38,5.8,11,1.33,5.41,9.5,1.57,2.37,1.65,2.36,1.7,2.45,1.62,2.34,-1.5,1.95,1.95,1.99,1.93,2.01,1.99,1.95,1.92,1.25,5.75,12,1.29,5.5,11,1.33,5.25,11,1.26,6.29,12.8,1.27,5.5,11,1.25,5.75,12,1.33,6.75,13.75,1.28,5.81,11.26,1.57,2.37,1.56,2.55,1.69,2.58,1.59,2.38,-1.75,2.03,1.87,1.99,1.92,2.17,1.98,2.05,1.83
I1,22/12/2021,17:30,Roma,Sampdoria,1,1,D,0,0,D,15,10,4,2,6,8,10,2,0,3,0,0,1.55,4.33,5.5,1.57,4.2,5.5,1.57,4.2,5.75,1.6,4.46,5.69,1.55,4.2,5.8,1.53,4.1,6,1.62,4.5,6,1.57,4.32,5.62,1.61,2.3,1.66,2.34,1.69,2.37,1.63,2.3,-1,1.97,1.93,2.02,1.91,2.02,1.96,1.97,1.9,1.5,4.5,6,1.52,4.2,6.25,1.5,4.4,6.5,1.5,4.64,7.02,1.5,4.33,6,1.45,4.4,7.5,1.54,4.75,7.5,1.5,4.48,6.49,1.61,2.3,1.68,2.31,1.7,2.39,1.64,2.26,-1,1.81,2.09,1.83,2.11,1.88,2.26,1.82,2.06
I1,22/12/2021,17:30,Verona,Fiorentina,1,1,D,1,0,H,7,11,2,1,15,5,3,8,2,1,0,0,2.9,3.5,2.37,2.8,3.4,2.4,2.85,3.5,2.45,3.01,3.48,2.48,2.87,3.4,2.4,2.9,3.4,2.4,3.04,3.6,2.54,2.89,3.45,2.43,1.72,2.1,1.71,2.25,1.79,2.27,1.7,2.16,0.25,1.77,2.02,1.81,2.13,1.82,2.13,1.78,2.1,2.87,3.5,2.37,2.8,3.4,2.4,2.9,3.45,2.4,3.01,3.44,2.51,2.88,3.4,2.4,2.9,3.4,2.4,3.14,3.69,2.52,2.94,3.45,2.42,1.72,2.1,1.75,2.19,1.77,2.31,1.7,2.18,0.25,1.79,2.11,1.8,2.16,1.83,2.17,1.8,2.09
I1,22/12/2021,19:45,Empoli,Milan,2,4,A,1,2,A,16,18,5,8,18,10,7,3,1,2,0,0,4.5,3.9,1.75,4.5,3.9,1.73,4.4,3.95,1.75,4.78,4.03,1.76,4.4,3.9,1.72,4.6,3.8,1.73,4.8,4.25,1.82,4.46,3.99,1.76,1.57,2.37,1.61,2.46,1.62,2.48,1.57,2.4,0.75,1.91,1.99,1.97,1.95,1.97,2.02,1.91,1.96,4,3.8,1.83,4,3.9,1.8,3.9,3.8,1.9,4.1,3.81,1.93,4,3.9,1.8,4.1,3.6,1.87,4.42,4.1,1.95,3.98,3.84,1.87,1.66,2.2,1.68,2.29,1.73,2.5,1.64,2.26,0.5,1.97,1.93,1.99,1.93,2.05,1.93,1.99,1.89
I1,22/12/2021,19:45,Napoli,Spezia,0,1,A,0,1,A,25,8,7,0,14,12,10,5,2,3,0,0,1.22,6.5,12,1.26,6.25,11,1.25,6.5,11,1.25,6.5,13.25,1.22,6,13,1.2,6,15,1.28,6.7,15,1.25,6.27,12.17,1.44,2.75,1.48,2.76,1.51,2.8,1.47,2.68,-1.75,1.92,1.98,1.92,1.99,1.96,2.02,1.9,1.97,1.22,6,13,1.26,6,11,1.27,6.25,11,1.22,6.91,15.42,1.24,6,12,1.25,5.5,13,1.32,6.95,15.42,1.26,6.01,12.03,1.57,2.37,1.58,2.48,1.65,2.55,1.59,2.38,-1.75,1.95,1.95,1.88,2.03,2.11,2.03,2.01,1.86
I1,06/01/2022,11:30,Sampdoria,Cagliari,1,2,A,1,0,H,4,15,1,7,12,17,0,5,1,3,1,0,1.85,3.75,4,1.8,3.75,4.33,1.83,3.8,4.1,1.89,3.65,4.53,1.8,3.6,4.33,1.8,3.6,4.4,1.9,3.94,4.6,1.84,3.72,4.24,1.8,2,1.84,2.06,1.87,2.12,1.8,2.04,-0.5,1.84,2.06,1.89,2.04,1.89,2.08,1.84,2.03,1.75,3.75,4.6,1.71,3.8,4.75,1.8,3.7,4.4,1.75,3.81,5.16,1.78,3.6,4.6,1.8,3.5,4.6,1.82,3.96,5.16,1.75,3.78,4.78,1.87,2.03,1.86,2.05,1.9,2.07,1.84,1.98,-0.75,1.97,1.96,1.97,1.95,2.07,2.01,1.97,1.9
I1,06/01/2022,13:30,Lazio,Empoli,3,3,D,1,2,A,23,11,10,4,13,11,9,2,4,4,0,0,1.6,4.4,5,1.61,4.33,4.8,1.63,4.4,4.8,1.62,4.67,5.18,1.57,4.33,5.25,1.57,4.1,5.5,1.66,4.7,5.5,1.61,4.43,4.99,1.5,2.62,1.5,2.71,1.54,2.71,1.51,2.57,-1,2.05,1.85,2.02,1.91,2.09,1.92,2.01,1.85,1.57,4.33,5.25,1.57,4.33,5.25,1.63,4.3,4.9,1.58,4.6,5.68,1.6,4.2,5,1.57,4.2,5.5,1.66,4.65,6,1.59,4.41,5.28,1.53,2.5,1.51,2.69,1.59,2.7,1.53,2.51,-1,1.95,1.98,1.96,1.96,2.05,1.98,1.98,1.89
I1,06/01/2022,13:30,Spezia,Verona,1,2,A,0,0,D,9,22,3,5,14,11,6,7,3,2,1,0,3.5,3.5,2.05,3.5,3.5,2.05,3.45,3.55,2.1,3.79,3.61,2.07,3.6,3.4,2.05,3.7,3.4,2,3.79,3.65,2.19,3.56,3.54,2.07,1.8,2,1.82,2.09,1.85,2.11,1.79,2.04,0.25,2.08,1.73,2.15,1.79,2.15,1.83,2.09,1.78,3.25,3.4,2.2,3.4,3.3,2.15,3.35,3.15,2.3,3.73,3.6,2.1,3.2,3.4,2.2,3.4,3.3,2.2,3.73,3.7,2.3,3.39,3.43,2.18,1.88,2.02,1.87,2.04,1.91,2.17,1.84,1.99,0.25,2.11,1.82,2.12,1.81,2.13,1.93,2,1.87
I1,06/01/2022,15:30,Sassuolo,Genoa,1,1,D,0,1,A,28,4,7,1,8,11,7,4,3,0,0,0,1.57,4.33,5.25,1.57,4.2,5.5,1.6,4.3,5.25,1.64,4.42,5.33,1.6,4,5.5,1.57,4,5.75,1.66,4.5,5.75,1.61,4.28,5.2,1.66,2.2,1.67,2.32,1.71,2.33,1.64,2.26,-1,2.05,1.85,2.1,1.84,2.1,1.87,2.04,1.83,1.72,3.8,4.75,1.73,3.8,4.6,1.75,3.8,4.6,1.79,3.87,4.82,1.7,3.7,5,1.8,3.3,4.5,1.81,3.95,5.15,1.77,3.76,4.65,1.83,2.07,1.85,2.06,1.89,2.17,1.81,2.02,-0.75,2.02,1.91,2.03,1.9,2.19,1.92,2,1.87
I1,06/01/2022,17:30,Milan,Roma,3,1,H,2,1,H,19,11,5,5,6,20,3,9,2,6,0,2,1.9,3.7,3.8,1.98,3.6,3.7,1.97,3.7,3.6,2.04,3.73,3.78,1.95,3.6,3.7,1.95,3.5,3.8,2.05,3.88,3.97,1.98,3.67,3.71,1.72,2.1,1.77,2.15,1.8,2.23,1.73,2.13,-0.5,2,1.9,2.04,1.88,2.04,1.94,1.99,1.88,2.2,3.5,3.2,2.25,3.4,3.1,2.25,3.4,3.25,2.34,3.47,3.23,2.25,3.6,3,2.2,3.4,3.25,2.38,3.84,3.35,2.27,3.51,3.17,1.72,2.1,1.79,2.11,1.82,2.28,1.75,2.1,-0.25,2.01,1.92,2.01,1.9,2.07,2,1.96,1.91
I1,06/01/2022,19:45,Juventus,Napoli,1,1,D,0,1,A,22,16,5,4,8,11,4,3,2,1,0,0,1.9,3.6,4,1.87,3.5,4.2,1.97,3.5,3.85,1.99,3.59,4.14,1.95,3.4,3.9,1.93,3.3,4.2,2.02,3.66,4.35,1.96,3.52,3.96,2.04,1.86,2.06,1.86,2.13,1.87,2.01,1.82,-0.5,1.98,1.92,1.99,1.93,2,1.95,1.96,1.9,1.75,3.6,4.75,1.75,3.5,5,1.77,3.6,4.8,1.78,3.69,5.28,1.67,3.7,5.25,1.73,3.5,5.25,1.85,3.84,5.5,1.77,3.59,4.98,2.03,1.87,2.01,1.9,2.12,1.93,2.02,1.82,-0.75,2.02,1.91,2.01,1.92,2.14,1.94,2.02,1.86
I1,09/01/2022,11:30,Empoli,Sassuolo,1,5,A,1,2,A,15,25,4,14,10,15,5,5,2,3,1,0,2.5,3.8,2.55,2.6,3.8,2.45,2.5,3.75,2.6,2.62,3.94,2.52,2.45,3.8,2.55,2.55,3.6,2.55,2.65,4.08,2.7,2.53,3.84,2.55,1.44,2.75,1.46,2.78,1.51,2.86,1.45,2.73,0,1.93,1.97,1.98,1.91,1.98,1.98,1.93,1.94,2.7,3.8,2.35,2.7,3.8,2.35,2.85,3.7,2.35,2.75,3.85,2.5,2.62,3.7,2.45,2.7,3.6,2.45,2.85,4,2.61,2.68,3.77,2.45,1.44,2.75,1.47,2.84,1.5,2.99,1.45,2.75,0,2.03,1.87,2.06,1.87,2.09,1.95,2.01,1.87
I1,09/01/2022,11:30,Venezia,Milan,0,3,A,0,1,A,9,18,3,8,11,11,1,7,1,3,1,0,6,4,1.57,6,3.75,1.6,5.75,4.1,1.6,6.29,4.17,1.56,6,4,1.55,6.5,3.8,1.55,6.5,4.36,1.63,5.89,4.1,1.58,1.86,2.04,1.81,2.06,1.89,2.1,1.82,2.01,1,1.86,2.04,1.93,1.96,1.93,2.06,1.86,2,5.25,4.2,1.6,5.75,4.1,1.57,5.25,4.2,1.63,5.44,4.17,1.63,5.8,4,1.57,6,4,1.57,6.2,4.45,1.68,5.68,4.15,1.6,1.66,2.2,1.71,2.25,1.8,2.29,1.72,2.15,1,1.76,2.16,1.85,2.09,1.94,2.25,1.84,2.04
I1,09/01/2022,15:30,Napoli,Sampdoria,1,0,H,1,0,H,22,10,5,1,12,11,13,0,0,2,0,0,1.4,5,7.5,1.44,4.6,6.75,1.47,4.7,6.25,1.46,4.76,7.08,1.44,4.33,7.5,1.4,4.5,8,1.5,5,8,1.45,4.67,6.77,1.61,2.3,1.64,2.33,1.69,2.37,1.61,2.3,-1.25,2.04,1.86,1.99,1.89,2.08,1.89,2.01,1.86,1.36,4.75,9,1.38,4.8,8.25,1.43,4.4,7,1.42,4.79,8.88,1.36,4.75,8.5,1.4,4.5,8.5,1.46,5,9.9,1.4,4.73,8.08,1.72,2.1,1.77,2.15,1.79,2.29,1.72,2.13,-1.25,2.02,1.88,2.01,1.92,2.04,2.04,1.95,1.92
I1,09/01/2022,15:30,Udinese,Atalanta,2,6,A,0,3,A,8,21,4,7,9,12,2,5,2,2,0,0,3.5,3.6,2.05,3.4,3.7,2.05,3.45,3.5,2.1,3.62,3.55,2.15,3.6,3.4,2.1,3.4,3.5,2.05,3.65,3.7,2.16,3.49,3.52,2.09,1.66,2.2,1.71,2.24,1.73,2.31,1.66,2.22,0.25,2.08,1.85,2.08,1.85,2.09,1.87,2.04,1.82,4.75,3.75,1.75,4.75,3.7,1.75,4.8,3.85,1.7,4.77,3.74,1.81,4.5,3.8,1.73,4.75,3.5,1.8,5.05,4.05,1.83,4.64,3.76,1.77,1.9,2,1.87,2.03,1.99,2.1,1.84,1.99,0.75,1.8,2.1,1.86,2.05,1.9,2.12,1.85,2.02
I1,09/01/2022,17:30,Genoa,Spezia,0,1,A,0,1,A,15,17,2,9,17,16,7,4,3,3,0,0,2.1,3.3,3.6,2.2,3.3,3.3,2.25,3.3,3.4,2.19,3.32,3.64,2.2,3.25,3.4,2.15,3.13,3.6,2.33,3.48,3.68,2.19,3.3,3.45,2.1,1.72,2.09,1.79,2.12,1.86,2.05,1.78,-0.25,1.88,2.02,1.87,2.02,1.92,2.04,1.87,1.99,2.25,3.1,3.5,2.25,3.1,3.5,2.3,3.1,3.4,2.39,3.19,3.52,2.25,3.2,3.3,2.25,3.1,3.5,2.4,3.24,3.84,2.31,3.12,3.44,2.3,1.61,2.27,1.7,2.35,1.75,2.25,1.65,-0.25,2.03,1.87,1.96,1.96,2.04,2.07,1.96,1.91
I1,09/01/2022,17:30,Roma,Juventus,3,4,A,1,1,D,19,14,7,5,11,12,8,1,3,4,0,1,3.3,3.5,2.15,3.3,3.4,2.15,3.25,3.4,2.25,3.37,3.4,2.26,3.25,3.5,2.15,3.4,3.25,2.2,3.56,3.66,2.28,3.29,3.44,2.2,1.93,1.97,1.94,1.93,2.02,1.99,1.9,1.92,0.25,1.96,1.94,1.94,1.94,1.99,1.97,1.94,1.91,2.9,3.2,2.5,3.1,3.2,2.35,2.95,3.1,2.55,3.11,3.25,2.55,3,3.1,2.45,3,3,2.55,3.31,3.37,2.58,3.04,3.21,2.47,2.2,1.66,2.2,1.74,2.28,1.79,2.15,1.72,0.25,1.75,2.17,1.79,2.16,1.85,2.21,1.78,2.11
I1,09/01/2022,19:45,Inter,Lazio,2,1,H,1,1,D,17,5,6,2,11,14,4,3,1,4,0,0,1.4,5,7,1.44,4.75,6.75,1.43,5,6.75,1.44,4.78,7.46,1.4,4.8,7.5,1.4,4.6,7.5,1.46,5.3,8.3,1.43,4.83,7.1,1.53,2.5,1.53,2.59,1.58,2.63,1.53,2.49,-1.25,1.94,1.96,1.89,2,1.98,2,1.91,1.94,1.36,5,8.5,1.36,5,8,1.37,5.25,7.75,1.38,5.35,8.85,1.33,5,9,1.33,5.25,9,1.4,5.6,9.6,1.36,5.26,8.36,1.53,2.5,1.53,2.65,1.6,2.65,1.53,2.5,-1.5,2.05,1.85,2.04,1.88,2.06,1.94,2.01,1.86
I1,09/01/2022,19:45,Verona,Salernitana,1,2,A,0,1,A,24,9,7,5,13,12,17,4,1,3,1,0,1.36,5,8,1.38,4.8,8.25,1.4,5,7.75,1.38,5.07,8.75,1.36,4.75,8.5,1.33,4.75,9.5,1.43,5.3,9.5,1.38,4.94,8.16,1.66,2.2,1.67,2.29,1.71,2.34,1.66,2.23,-1.25,1.89,2.01,1.88,2.02,1.9,2.05,1.86,2,1.3,5.5,9.5,1.33,5.25,9.25,1.35,5.25,8.5,1.35,5.43,10.08,1.33,4.8,9.5,1.3,5.25,10.5,1.37,5.75,10.5,1.33,5.35,9.24,1.66,2.2,1.66,2.34,1.69,2.55,1.62,2.32,-1.5,1.98,1.92,2.04,1.89,2.05,1.92,2,1.87
I1,10/01/2022,16:00,Torino,Fiorentina,4,0,H,3,0,H,9,10,6,3,16,12,1,5,2,2,0,0,,,,,,,,,,,,,,,,,,,,,,,,,,,,,,,,,,,,,,,,,,3,3.3,2.4,2.95,3.25,2.45,3.05,3.15,2.45,3.16,3.36,2.43,2.88,3.25,2.45,3.1,3.2,2.4,3.3,3.45,2.55,3.03,3.3,2.43,1.99,1.91,1.98,1.92,2.05,1.95,1.95,1.87,0.25,1.82,2.08,1.85,2.08,1.88,2.13,1.8,2.08
I1,11/01/2022,19:45,Cagliari,Bologna,2,1,H,0,0,D,13,9,4,3,12,15,5,5,3,2,0,0,2.75,3.3,2.55,2.75,3.25,2.55,2.85,3.25,2.55,2.9,3.37,2.63,2.8,3.2,2.55,2.88,3.2,2.55,2.96,3.45,2.66,2.86,3.28,2.57,2,1.9,2.01,1.9,2.06,1.93,1.97,1.85,0,2.05,1.85,2.06,1.87,2.08,1.87,2.04,1.84,3,3.5,2.3,2.95,3.3,2.37,3,3.3,2.45,3.16,3.47,2.4,3,3.2,2.4,3.1,3.2,2.38,3.29,3.5,2.5,3.02,3.33,2.41,1.95,1.95,1.94,1.96,1.98,2.05,1.91,1.9,0.25,1.84,2.06,1.87,2.06,1.87,2.12,1.81,2.07
